chunk_id,token_cnt,block_type,heading,search_text,label
00945563-ae6c-44c2-bd56-512ff977b5cd,23,TABLE,,"성명: 성명
서명: 서명
성명: 성명
서명: 서명",0
00d8b5d8-537f-4e47-8f59-57eb1cd74b84,52,TABLE,,"Ⅰ. 사업안내: 2.
Ⅰ. 사업안내: 사업목적························································································································· 1",0
0189afd3-193c-4284-97b8-52633e06aa0d,26,TABLE,,"요구사항 고유번호: 요구사항 명칭
기능요구-003: 분석 데이터 수집 선정",0
01d86e21-d9a3-4840-a6d9-50687e36e215,476,LIST_ITEM,1. 제안자격,"1. 제안자격
- 가. 입찰참가자격 및 제한사항
- 1) 아래의 자격을 모두 갖춘 자이어야 함
- 국가종합전자조달시스템 입찰참가자격등록규정에 의하여 정보시스템 감리 법인(업종코드  :  6146)  및  소프트웨어사업자(컴퓨터관련서비스사업,  업종코드: 1468)로 나라장터(G2B)에 입찰마감일 전일까지 입찰참가 등록한 업체
- 「중소기업기본법」제2조에 따른 중소기업자 및 「소기업 및 소상공인 지원을 위한 특별조치법」제2조에 따른 소상공인으로서 「중,소기업, 소상공인 및 장애인기업 확인요령」에 따라 발급된 중 ߶ 소기업 ߶ 소상공인 확인서(전자입찰서 제출 마감일 전일까지 발급된 것으로 유효기간 내에 있어 야함)를 소지한 업체
- ※ <중ㆍ소기업ㆍ소상공인 확인서>는 중소기업공공구매 종합정보망에서 확인하며 확인이 되지 않을 경우 입찰참가 자격이 없음
- 2) 다음 중 어느 하나에도 해당되지 않은 업체
- 「전자정부법」 제58조 및 제61조의 규정에 따라 행정안전부에 감리 법인으로 등록된 감리법인 중 다음 각 호에 해당하지 않는 법인
- 사업자와 감리법인이 같거나 독점규제 및 공정거래에 관한 법률 제 2조제1호에 의한 지주회사, 자회사, 손자회사의 경우 또는 동법 제2 조제2호에 의한 동일 기업집단에 속한 경우
- 사업자와 감리시행자가 임·직원의 관계에 있는 경우
- 사 업자 및 감리법인의 대표자 또는 투입 감리원이 「민법」 제777조의 규정에 의 한 친족 관계에 있는 경우
- 기타 감리 독립성을 침해할 수 있는 특수 관계에 있는 경우",0
02137bd3-e991-45ab-b5c4-b08b34ea31fb,488,LIST_ITEM,바. 감리 종료회의 개최,"바. 감리 종료회의 개최
- 1) 감리법인은 현장감리 기간 중에 작성한 감리수행결과보고서 초안에 대하여 설명
2. 하고, 상호 검토 및 이견사항을 청취하기 위한 감리 종료회의를 개최하여야 함
- 2) 감리 종료회의는 주관기관, 사업자 및 기타 관련 당사자들이 참석
- 3) 감리법인은 감리수행결과보고서 초안에 대하여 제기된 이견사항 및 근거자
5. 료, 논리 등을 면밀히 검토하여 감리수행결과보고서 초안에 반영할 필요 가 있다고 판단되는 경우에는 이를 수정 반영할 수 있음
※ 회의는 발주기관의 판단에 따라 온라인, 서면 등 비대면 방식으로 실시될 수 있음 사. 감리수행결과보고서 통보
- 1) 감리법인은 감리종료회의 결과를 반영한 최종 감리수행결과보고서를 감리 종료회의 후 10일 이내에 주관기관 및 사업자에게 제출해야 함. 단, 감리
2. 계획서에 감리수행결과보고서 제출일시를 별도로 명시한 경우 그에 따름
3. ※ 감리수행결과보고서를 포함한 감리 산출물의 제공형식(출력물, 파일) 제출대상 및
4. 부수는 발주기관이 제시하는 기준을 준수하여야 함
5. 아. 시정조치 확인 및 통보
- 1) 감리법인은 주관기관으로부터 시정조치 확인 요청을 받은 경우, 5일 이내 시정 조치결과를 확인하여 주관기관, 사업자에게 제출하여야 함. 단, 감리
7. 계획서에 시정조치 확인 및 통보일정을 별도로 정한 경우에는 그에 따름
8. 2)'시정조치 확인보고서'의 서식은 정보시스템 감리수행가이드를 준용 자. 감리결과 검수 요청
- 1) 최종 감리 및 시정조치 확인 등 계획된 용역이 모두 완료된 경우, 주관 기관에 검수 요청함",1
022c7c78-6460-4668-893d-37c3aa2f2ec3,34,TEXT,Concentrating on Efficiency with Reliability,"Concentrating on Efficiency with Reliability
최적화된 부품과 심플한 디자인으로 고효율 및 안정적인 운영을 보장합니다.
Engineering drawing",0
04253dcc-0c94-4983-ac3f-84f933577064,60,TABLE,,"작 성 항 목: 4. 보고 및 검토계획
작 성 방 법: 사업기간 동안 이루어질 보고 및 검토계획을 상세하게 제시 하여야 한다 . - 월간 , 주간 , 일일 , 수시보고 - 단계별 검토회의 등",0
04707d8e-ad28-41af-ad2a-ec051a179786,106,TABLE,,"제안서 목차: 3. 총괄감리원(PM) 사업 경험
작 성 내 용: ㅇ총괄감리원 유사분야 사업참여 실적 명기(최근3년) ㆍ유사분야 사업에 총괄감리원으로 참여한 감리 실적 ㆍ총괄감리원의 업무적/기술적 경력 기술 * 기술자격, 경력/재직 관련서류 일체 제출
비고: <서식4>",0
051a507b-6923-4867-b5c3-8a137b1e2456,353,TABLE,,"Ⅰ. 사업 개요· · · · · · · · · · · · · · · · · · · · · · · · · · · · · · · · · · · · · · · · · · · · · · · · · · · · · · · · ·: Ⅳ. 제안서 평가· · · · · · · · · · · · · · · · · · · · · · · · · · · · · · · · · · · · · · · · · · · · · · · · · · · · · · · · · · · · · · · · · · · · · · · · · · · · · · · · · · · · · · · · · · · · · · · · · · · · · · · · · · 16
· · · · · · · · · · · · · · · · · · · · · · · · · · · · · · · · · · · · · · · · · · · · · · · · · · · · · · 1: Ⅳ. 제안서 평가· · · · · · · · · · · · · · · · · · · · · · · · · · · · · · · · · · · · · · · · · · · · · · · · · · · · · · · · · · · · · · · · · · · · · · · · · · · · · · · · · · · · · · · · · · · · · · · · · · · · · · · · · · 16",0
0529cc98-399d-46c5-b51b-c1300d8f4c90,14,TABLE,,작 성 항 목: 1. IR 정보시스템 구축방안,0
054a4b17-1e35-486f-a376-ca1cd8726ad0,32,TABLE,,"구분: 구분
위규 수준: A급
위규 수준: B급
위규 수준: C급
위규 수준: D급",0
055d5aae-09fb-4af2-9aec-c3ef6383923f,67,TEXT,2. 공통사항,"2. 공통사항
주2) 각 점검 항목별 적정, 미흡, 부적정 중 선택하여 기입 주3) 등급이 미흡 혹은 부적정인 경우 반드시 의견을 기입하고, 시정조치결과확인보고서에 재평가 후 결과 기입",0
0569f999-f535-45dc-aa2b-6c5e1b1ac777,49,TABLE,,"Ⅰ. 사업안내: 2. 사업자 선정
Ⅰ. 사업안내: 방법······································································································ 18",0
0614f390-8732-4cab-9163-e0c8591b843f,174,TEXT,2. 감리 요구사항,"2. 감리 요구사항
가. 사업관리 및 품질보증활동
- 1) 계약이행 여부
- 관련법규 및 규정 준수 여부
- 모든 활동 및 산출물에 대하여 제안서, 계약서, 사업수행계획서 등에
4. 의거 제시된 사항 준수 여부
- 상세공정표에 따른 계획대비 실적 점검 및 이행상태 확인
- 사용자 요구사항 반영 및 변경관리
- 프로젝트 범위의 사용자 요구사항 반영 및 변경관리 문서화 여부
- 변경에 대한 영향 분석 및 대책 수립 여부 등
- 위험 관리
- 기술, 일정, 비용 등의 위험 식별 및 문서화 여부
- 위험관리 계획 수립 및  위험 요소의 추적성 관리 여부",1
062eeaa5-53f4-47a8-8459-35873cf8caba,46,TABLE,,"구분: 위규
위규 수준: 심각 1건
위규 수준: 중대 1건
위규 수준: 보통 2건 이상
위규 수준: 경미 3건 이상",0
07937cc1-c3b5-4ee0-a84c-46134db0d155,279,TEXT,보안 위약금 부과 기준,"보안 위약금 부과 기준
1. 위규 수준별로 A~D 등급으로 차등 부과
위규, 위규 수준.A급 = 심각 1건. 위규, 위규 수준.B급 = 중대 1건. 위규, 위규 수준.C급 = 보통 2건 이상. 위규, 위규 수준.D급 = 경미 3건 이상. 위약금 비중, 위규 수준.A급 = 부정당업자 등록. 위약금 비중, 위규 수준.B급 = 용역대가의 2%. 위약금 비중, 위규 수준.C급 = 용역대가의 1%. 위약금 비중, 위규 수준.D급 = 용역대가의 0.5%
* 위규 수준 및 위약금의 규모는 연구원 보안심사위원회에서 심의 후 결정
* 위규 수준은 [별표1] 참고
2. 보안 위약금은 다른 요인에 의해 상쇄, 삭감이 되지 않도록 부과
* 보안사고는 1회의 사고만으로도 그 파급력이 큰 것을 감안하여 타 항목과 별도 부과
3. 사업 종료시 지출금액 조정을 통해 위약금 정산",0
07a38e5d-4ab7-4479-8d09-ef5aa219e937,51,TABLE,,"Ⅰ. 사업안내: 5. 제안시
Ⅰ. 사업안내: 전제조건········································································································ 20",0
088def9b-f6d7-46a3-8978-c0410cabb39d,18,TABLE,,"수행활동: 감리시행
수행절차: 현장감리",0
08a3242b-0346-4a6b-b053-ad9f7f5f628e,230,LIST_ITEM,"3.  제안서 평가와 협상, 낙찰자 결정","3.  제안서 평가와 협상, 낙찰자 결정
- 1)  기술평가와 가격평가를 실시하여 종합평가점수로 산출
-  평가비율 : 기술평가(80%), 가격평가(20%)
-  종합평가점수 산출 = 기술 평가점수 + 입찰가격 평가점수
- 2) 기술평가
-  협상  대상업체를  선정하기  위한  평가는  기술평가와  가격평가로  구분하되 우수한 용역품질을 보장할 수 있도록 기술평가의 비중을 100분의 80으로 하고, 가격제안서평가의 비중을 100분의 20으로 함
-  총점 80점 기준으로 각 평가 항목에 대한 점수를 합산하여 평가
-  제안서  평가점수는 공개하지 않으며, 제안업체는 평가결과에 대하여 이의
8. 를 제기할 수 없음",0
08e66ba7-ca44-47ed-94e5-b52fc3dd68fb,193,TEXT,7. 감리 중점 사항,"7. 감리 중점 사항
가. 사업 추진의 적정성
- 1) 사업 범위, 투입인력 등 제안서와 사업수행계획서 및 제안요청서에 명시
2. 된 사항을 충실히 이행하였는지 여부
- 2) 시스템 구축 단계별 문서화와 적합한 의사결정 절차가 수행되었는지 여부 나. 사업 관리의 적정성
- 1) 본 사업이 관련 규정에 따른 절차와 방법을 충실히 따르고 있는지 여부
- 2) 보안, 품질관리 활동 등이 지속적으로 수행되고 있는지 점검
6. 다. 사업 수행의 안정성
- 1) 제3자 관점에서 정보시스템 운영 사항의 문제점이 있는지 여부
- 2) 업무영역별 추진과정의 적정성 및 효율성 등을 종합적으로 점검",1
0ad38ffd-9c37-4bf8-903a-393e8827ecef,30,TABLE,,"Model: Capacity
Model: CFM
SM7100 +: 18,835 ~ 26,487",0
0b090437-174b-49e9-ad08-84e7023a8082,35,TABLE,,"요구사항 고유번호: 요구사항 명칭
요구사항 고유번호: 요구사항 명칭
사업관리-003: Risk 관리 방안",0
0c8b9a96-fb5c-4826-8e45-e5bf9b0f5bb6,16,TABLE,,"추진내용: 시스템 평가 및 마무리
추진 일정: ●●",0
0ccf536a-ed15-4037-9d7c-72a55eb02a29,3,TABLE,,단계: 단계,0
0cfdb635-fea6-4ce9-ab4b-b71d8033a238,121,TABLE,,"Model: Capacity
Model: m 3 /hr
SM3100 Pro: 3,300 ~ 5,690
SM4100 Pro: 4,340 ~ 9,030
SM5100 Pro: 7,350 ~ 15,150
SM6100 Pro: 11,630 ~ 25,890
SM7100 Pro: 24,500 ~ 36,000",0
0d0e0fb4-28e2-4e27-9adc-ea3299bdf2d3,86,TEXT,압축기룸 토탈 솔루션,"압축기룸 토탈 솔루션
고객의 압축기룸 공기 시스템 전체의 운용 상태를 확인하여 가장 효율적인 장비 운영 방안을 권고하고, 유량, 전력량 등 실제 운영 DATA를 측정 분석하여 사용 에너지를 절감하는 경제적 압축기 운영 방안을 제시합니다. 진단은 최대 2주가 소요됩니다.",0
0d0ef29e-e6f0-4af8-abc6-35c18621dac5,83,LIST_ITEM,제출방법,"제출방법
-  제안서는  등록서류를  갖추어  기한  내에  접수 장소에  직접  제출하여야  함 (우편 접수 불가)
-  제출 기한 내 미제출시 제안의사가 없는 것으로 처리함
-  제출된 제반자료는 반환하지 않음",0
0d6e4bde-b256-43d0-b758-a75c1f62c94f,17,TABLE,,"구분: 비중(%)
합 계: 100.0",0
0f2240b7-828c-46d5-a688-a7123f12d897,49,TABLE,,"Ⅰ. 사업안내: 2. 구축 시스템
Ⅰ. 사업안내: 현황········································································································· 4",0
0f570ac2-1b95-4221-8249-d54996b8aaa2,38,TABLE,,"요구사항 고유번호: 요구사항 명칭
요구사항 고유번호: 요구사항 명칭
기능요구-001: 시스템 향후 확장성",0
0f7ba1fe-e8d2-41c5-9b66-27938b1c6f9e,17,TABLE,,"수행활동: 감리시행
수행절차: 착수회의",0
1041314a-c014-4421-9de5-189f327a6277,8,TABLE,,업무 일련번호: 3,0
10431661-0e6a-4813-8ab7-baf121ea1c86,400,LIST_ITEM,2. 사업자 선정방법,"2. 사업자 선정방법
- 가. 입찰방법 : 일반경쟁입찰
- 나. 계약방법 : 협상에 의한 계약
- 1) 「국가를 당사자로 하는 계약의 관한 법률」 시행령 제43조 및
2. 제43조의2에 따라 '협상에 의한 계약체결' 방법을 적용
- 2) 계약체결에 필요한 세부적인 사항은 기획재정부 계약예규 제471호 '협상에 의한 계약체결기준'을 적용
4. 다. 기술평가(90%)와 가격평가(10%)를 실시하여 종합평가점수로 산출
5. 라. 평가일정 : 입찰마감 후 별도 통보
마. 기술평가
- 1) 기술평가는 정보시스템 감리기준(행정안전부고시) [별표 2] 감리 제안서 기술평가 기준을 준용함
- 2) 접수된 제안서에 대한 기술평가는 조달청의 평가계획서에 의거 평가를
3. 실시함
- 3) 평가위원회 구성 및 운영 :'연구원 내규에 따름'
- 4) 소프트웨어진흥법제48조제2항에 따라 대기업의 입찰 참가 제한
6. 바. 기술 평가항목 및 배점
7. ※ 'Ⅳ. 제안서 평가' 참고
사. 유의사항
- 1) 본 제안요청서의 내용 중 전자정부법 및 동법 시행령, 감리기준 및
2. 감리원 고시와 상이한 경우 관련 법규를 우선 적용함
- 2) 별도의 제안요청 및 제안 설명회를 실시하지 않음
- 3) 대기업 참여 제한",0
127a38f1-7fe1-4653-97e6-2ed701aef9b0,88,TABLE,,"구 분: 기본요건
자격기준: ߳ 6년이상 소프트웨어 개발분야 업무를 수행한 자 ߳ 3년이상 소프트웨어 보안약점 또는 보안취약점 진단 ߳ 분석업무를 수행한 자 ߳
제출서류: 해당 업체 또는 기 관에서 발급한 경 력증명서 (업무내용 포함)",1
12ba0a64-9951-414a-987e-04f563a0de87,43,LIST_ITEM,1)  교육훈련 계획,"1)  교육훈련 계획
-  사용자, 관리자 등 시스템의 이용대상자별로 구분하여 교육내용, 교육기간,
- 인원 등을 상세히 제시하여야 한다.",1
12bfb1fe-eb0b-49b2-9fc2-1eed3c60f6a0,16,PICTURE,Process,"Process
In this image there is a logo in the middle.

Bar chart",0
12e09b65-e2d3-45a8-b2eb-26fac59ee285,51,TABLE,,"Ⅰ. 사업안내: 6. 제안서
Ⅰ. 사업안내: 등록················································································································ 20",0
13887414-a467-4f51-b939-1381dcdddd90,222,TABLE,,"Ⅰ. 사업 개요· · · · · · · · · · · · · · · · · · · · · · · · · · · · · · · · · · · · · · · · · · · · · · · · · · · · · · · · ·: 5. 산출물 ··· ·· ·· ··· ·· ··· ·· ··· ·· ·· ··· ·· ··· ·· ··· ·· ·· ··· ·· ··· ·· ··· ·· ·· ···
· · · · · · · · · · · · · · · · · · · · · · · · · · · · · · · · · · · · · · · · · · · · · · · · · · · · · · 1: ·· ··· ·· ··· ·· ·· ··· ·· ··· ·· ··· ·· ·· ··· ·· ··· ·· ··· ·· ·· ··· 11",0
13f8d14a-d61e-4c78-81ea-bbb98ee66bb4,94,TABLE,,"Model: Capacity
Model: m 3 /hr
SM3000: 3,300 ~ 5,300
SM4000: 5,300 ~ 8,400
SM5000: 8,400 ~ 15,000
SM6000: 15,000 ~ 21,000",0
147803d3-64f1-47da-9e04-b0b65b043ae8,24,TABLE,,"요구사항 고유번호: 요구사항 명칭
사업지원-003: 유지보수 요건",0
1565d10e-dd7f-429f-90c0-cac9e2e1808d,78,TABLE,,"감리원: 기간(년)
감리원: 기간(년)
column_2: 기간(년)
column_3: 담당업무
담당분야: 유사 경력의 근거
column_5: 유사 경력의 근거
column_6: 유사 경력의 근거
column_7: 유사 경력의 근거",0
15ca5ff0-995e-4ab6-823c-d13cf15faa4b,88,TABLE,,"Model: Capacity
Model: CFM
SM3000: 1,950 ~ 3,100
SM4000: 3,100 ~ 4,950
SM5000: 4,950 ~ 8,850
SM6000: 8,850 ~ 12,400",0
1634159f-e5ff-409e-87eb-60a4d6e33824,136,TEXT,비상근 감리원 참여동의서,"비상근 감리원 참여동의서
본인                  은(는)      년    월    일부터    년    월    일까지  수행되는 '차세대 정보시스템 ERP 재구축 사업 감리 용역 수행에 대해 비상근 감리원(oo분야 전 문인력)으로서 참여함을 동의하며, 감리결과에 대한 책임과 의무를 다하겠습니다.
년        월          일
동의자    소속  및  직위  :
주민등록번호(앞 6자리) :
성                명  :                                    (인)  또는  서명",0
1643970d-363c-4e0b-8bc8-b3042b0d8f81,345,TABLE,,"Ⅰ. 사업 개요· · · · · · · · · · · · · · · · · · · · · · · · · · · · · · · · · · · · · · · · · · · · · · · · · · · · · · · · ·: Ⅲ. 제안 일반사항· · · · · · · · · · · · · · · · · · · · · · · · · · · · · · · · · · · · · · · · · · · · · · · · · · · · · · · · · · · · · · · · · · · · · · · · · · · · · · · · · · · · · · · · · · · · · · · · · · · · · · 12
· · · · · · · · · · · · · · · · · · · · · · · · · · · · · · · · · · · · · · · · · · · · · · · · · · · · · · 1: Ⅲ. 제안 일반사항· · · · · · · · · · · · · · · · · · · · · · · · · · · · · · · · · · · · · · · · · · · · · · · · · · · · · · · · · · · · · · · · · · · · · · · · · · · · · · · · · · · · · · · · · · · · · · · · · · · · · · 12",0
16d730a4-92bc-42ff-968e-703e7b533e5c,42,TABLE,,"작 성 항 목: 4. 유지보수 수행방안
작 성 방 법: 시스템의 변경관리와 품질관리 등 유지보수 절차 및 방안을 제시하여야 한다 .",0
16e1e07c-d255-4595-a962-cafbcfec0b37,264,LIST_ITEM,4) 참여인력,"4) 참여인력
- 감리원 및 전문가 편성내역<서식4> 및 투입 감리원별 실적 및 경력 <서식5>는 공고일 현재 제안사 소속 직원이어야 하며, 기재된 인력에 대해서는 이를 증명할 수 있는 서류(재직증명서, 자격증 사본, 건강 보험자격득실확인서 등)를 제출하여야 함
- 보조감리원은 감리참여인력으로 인정하지 않음
- 5) 개인정보보호 규정 준수
- 개인정보보호를 위하여 참여인력의 주민등록번호 뒷자리는 7자리 중 앞의 2자리까지만 표시하고 나머지는 '*'로 표시
- 제안자는 참여인력에 대해 개인정보수집동의서<서식8> 및 보안확약서 <서식9>를 작성하여 대표자의 직인 날인 후 제안서에 첨부하여야 함 다. 제안서 구성
- 1) 제안요청서, 제안요청 세부내용, 기술평가 항목 등을 고려하여 제안서
2. 의 목차 및 내용에 따라 제안서 구성",0
175085e9-3a07-46a3-92f3-8fa361fd10dd,138,TABLE,,"요구사항 고유번호: 요구 사항 상세 설명 정의 세부 내용
사업관리-002: 품질보증 및 저작권에 관한 사항  제안사는 체계적이고 효과적인 품질보증에 관한 검토 평가를 수행해야 조정기준, 조정내용, 조정사유 등을 여야 함.  당해 계약에 따른 계약 목적물에 발주기관이 소유하며, 세부 사항은 대상자는 발주기관이 계약목적과 용(기능개선, 재개발, 유지보수 등)함에 하여서도 아니 됨(단, 본 사업이전부터",1
177e0c62-8bdc-42c3-b7ad-941a864892d2,244,LIST_ITEM,5)  투입인력 및 이력사항,"5)  투입인력 및 이력사항
-  프로그램의  추가  개발  시  각  구성요소별로  통합성을  확보할  수  있기위한
- 방안과 절차를 제시하여야 한다.
-  본  사업을 수행할 추진조직, 단계별 인력투입계획(역할, 투입율, 자격 등)을 제시하여야 한다.(추진 조직외에 본 사업을 성공적으로 수행할 수 있도록
- 인력의 추가 투입 등 지원할 수 있는 지원방안을 제시할 수 있다)
-  본  사업에 인력 투입계획의 변동이 있을 경우 사전에 그 변동사유와 교체
- 참여인력에 대한 승인을 받아야 한다.
-  본  사업  참여  기술자는 충분한 학력, 경력 및 자격을 갖추어야 하며, 감독 관이 과업의 적정한 수행이 부적격하다고 판단되는 경우, 그 교체를 요구 할 수 있으며 계약자는 정당한 사유가 없는 한 이에 따라야 한다.",1
18e7919f-b37a-4a39-827a-0b8903a7badc,32,TABLE,,"요구사항 고유번호: 요구 사항 상세 설명
요구사항 고유번호: 정의
사업관리-005: 테스트 수행방안",0
18f128be-5ca0-4a3d-9c12-3350ed86947e,129,LIST_ITEM,2. 사업목적,"2. 사업목적
- 가. 차세대 정보시스템 ERP 재구축 사업의 추진방향, 정보시스템 개발 등 전체 공정을 종합적으로 점검ㆍ평가하고, 개선에 대한 필요사항을 시정권 고하여 사업추진과정에서 발생할 수 있는 문제점을 사전 예방함으로 써 사업의 완성도를 높이기 위함
- 나. 사업자의 과업 이행여부를 점검함으로써 요구정의, 설계 및 종료 단계별 과업내용 이행에 대한 적정성, 완결성 등을 점검하여 계약문서 과업의 완료 여부를 확인",0
18fb4819-0334-45a5-9994-8754c5852fef,6,TABLE,,감리원: 1,0
192f651c-0ba9-4942-8e88-c6958a9212d9,80,TABLE,,"column_0: 사 업 명
단계감리 실시여부 (실시 : o, 미실시 : x): 요구 정의 단계
단계감리 실시여부 (실시 : o, 미실시 : x): 설계 단계
단계감리 실시여부 (실시 : o, 미실시 : x): 종료 단계
최소 감리 (일): 기간",0
19868082-c88d-4701-8c67-979651b59008,57,TABLE,,"Model: Capacity
Model: m 3 /hr
Model: m 3 /hr
SA2100: 1,200-2,890
SA3100: 3,750-5,500",0
19fa3254-9635-4dc5-9ad6-848d50fb639f,50,TABLE,,"Ⅰ. 사업안내: 2. 세부 구축
Ⅰ. 사업안내: 계획············································································································· 5",0
1a2ae883-d79e-40a0-a620-173204acc246,112,LIST_ITEM,3)  추진일정,"3)  추진일정
-  제안사는 시스템 유지관리 및 개선에 있어 구축이 원활하게 진행될 수 있
- 도록 업무별 상세일정을 제시하여야 한다.
-  용역  완료  기한을  지키지  않을  시는  국가를  당사자로  하는  계약에  관한 법률시행령 제74조 및 동법시행규칙 제75조의 규정에 의한 지체상환금을 적용한다.",1
1aab0e8e-7ac6-4c33-8706-222cf900681a,14,TABLE,,제안서 목차: Ⅵ. 감리지원 부문,0
1ac878ba-67de-4269-a9e8-5bbe9d4df169,196,PICTURE,2)  연차별 사업 로드맵,"2)  연차별 사업 로드맵
The image is a screenshot of a document. The document is written in Chinese and is titled ""2021年1月3日 (2021年1月3日)"". The document is divided into two main sections:

1. **Top Section:**
   - The top section contains a blue header with the text ""2021年1月3日 (2021年1月3日)"" in white font.
   - Below the header, there is a blue box with the text ""3月3日 (2021年1月3日)"" in white font.
   - The bottom part of the document contains a blue box with the text ""2021年1月3日 (2021年1月3日)"" in white font.

2. **Middle Section:**
   - The middl

Flow chart",0
1b12cae0-0dd0-4bc2-9abc-b9f3b868ceae,49,TABLE,,"세부과제: 데이터 시각화
목표: 데이터 지표 및 분석결 과에 따른 시각화
추진내용: • 데이터 분석을 위한 시각화 • 데이터 해석에 대한 직관성 향상",1
1b1bbd4c-a3e6-4548-95e8-ea066de63b93,73,TABLE,,"Model: kW
SM3000: 230 ~ 710
SM4000: 360 ~ 1,200
SM5000: 560 ~ 1,800
SM6000: 940 ~ 2,650",0
1c37ffb2-659d-43f8-9053-58b9740dad85,298,TEXT,4. 유의사항,"4. 유의사항
가. 제안서 효력
- 1) 제안서에 명시된 내용과 협상 시 주관기관의 요구에 의하여 수정 ߳ 보 완 ߳ 변경된 제안내용은 계약서에 명시하지 않더라도 계약서와 동일한 효 력을 가지며 계약서에 명시된 경우는 계약서의 내용이 우선함
- 2) 주관기관은 협상 시 추가제안 및 추가 자료를 요구할 수 있으며 제출된 자료는 제안서와 동일한 효력을 가짐(기술능력평가를 위한 제안설명 및 답변자료 포함)
- 3) 제출된 제안서의 내용은 주관기관이 요청하지 않는 한 변경할 수 없음
- 4) 제안서에 대한 해석상 문제가 있을 경우 상호 협의하여 조정
- 5)  제안서와  기타  구비서류를 검토하여 미비업체는 상황에 따라 보완지시 ߳ 실격처리 ߳ 감점처리 등의 조치를 취하여 그 결과를 기술 능력평가 점수에 반영할 수 있음
- 6) 추가자료 요청 시 제안사는 이에 성실히 임하여야 하며, 미제출시
2. 불이익은 제안사의 책임으로 함
3. 나. 제안사 준수사항",0
1c7b9bbf-3448-4fb4-b15c-9ac739f3c50f,197,TEXT,보안 서약서,"보안 서약서
본인        은     년   월   일부터     년   월   일까지 한국자동차연구원에서 수행하는 '차세대정보시스템 ERP 재구축 사업'감 리용역에 참여함에 있어 감리기간 중 취득한 사항에 대해 비밀을 엄수하고 개인의  영리를  목적으로 이용하지  않으며,  이를  위반하여  발생되는 민 ߳ 형사상  및  보안상의  책임과  관련법령에  의한  조치에  따를  것을 서약하고, 감리수행에 있어 독립성과 공정성을 지키기 위해 노력할 것을 엄숙히 서약합니다.
2022년   월    일
서약자  소속 및 직위 :
주민등록번호(앞 6자리) :
성        명 :                  (인) 또는 서명",0
1cb97a27-3819-4eb8-b006-865637b215f0,72,LIST_ITEM,m 문의처,"m 문의처
-  제안관련 문의 : 삼육대학교 학술정보원 정보전산팀 02-3399-3217 조윤희
-  입찰관련 문의 : 삼육대학교 재무실 구매팀 02-3399-3486 권혁성",0
1d96180d-a445-41c8-a8ee-8e96ebb09b33,41,TABLE,,"요구사항 고유번호: 요구 사항 상세 설명
요구사항 고유번호: 정의
기능요구-004: 데이터분석 기법을 통한 예측 분석 모델 개발",0
1e13ce6e-96b1-48a3-ba68-793dbc0447d3,72,TABLE,,"제안서 목차: 1. 감리대상 사업 이해도 2. 단계별 점검사항
작 성 내 용: ㅇ대상사업에 대하여 예상되는 주요 문제점과 항목 제시 ㅇ감리 분야별 주요 점검항목 및 증적 확보 방안 제시 ※ 점검항목의 단순 나열식 작성 지양",0
1e7b8d52-9134-47a3-a326-f41226192ab4,35,TABLE,,"요구사항 고유번호: 요구사항
요구사항 고유번호: 분류
기능요구-004: 데이터 예측/분석 모델 개발",0
20397d98-1ab9-40be-8e50-370d65401eeb,28,TABLE,,"요구사항: 요구사항 분류
고유번호: 요구사항 분류
시스템구성-002: 시스템 관리자 운영 환경",0
20890e93-ec8b-4a1d-b658-eaf1119c44f8,112,LIST_ITEM,■ 휴대용 저장매체 보안관리,"■ 휴대용 저장매체 보안관리
- m 계약업체는 비인가 휴대용 저장매체를 연구원 내외로 반 ߶ 출입 할 수 없다. 다만, 산출 물 저장을 위해 필요 시 발주부서의 승인 하에 사용이 가능하다.
- ■ 기타
- m 상기 내용 중 언급되지 않은 사항은 국가정보원「국가 정보보안 기본지침」, 한국자동차 연구원「정보보안 업무지침」등 관계법령 및 규정에 따른다.",1
20994f00-627a-4f19-b26a-23ef9ba91651,89,TABLE,,"Model: Discharge Pressure
Model: Psi A
SM3100 Pro: 43 ~ 188
SM4100 Pro: 43 ~ 188
SM5100 Pro: 43 ~ 188
SM6100 Pro: 43 ~ 188
SM7100 Pro: 50 ~ 165",0
212d03fe-fe29-4613-b2df-25af579b0bb8,65,TABLE,,"구 분: 감리 수행 (40)
평가 항목: 점검방법 (10)
평 가 요 소: ㆍ점검결과의 객관성ㆍ타당성 확보를 위한 점검 기법ㆍ방법을 구체적으로 제시하였는지 여부
배 점: 5",0
2167d35c-7ab3-4633-ad71-80af1906a18e,55,TABLE,,"구분: 사업관리 요구사항
ID 부여 규칙: 사업관리 -000
설명: 사업에 대한 인력투입 , 일정관리 , 품질 및 Risk, 산출물 , 보안 등에 대한 요구 사항
요구사항 개수: 6",0
21a783c2-43e2-464a-a23f-b2e782aa355f,31,TABLE,,"구 분: 교육요건
자격기준: ߳ 기본요건을 만족하고 제2호의 기본교육을 이수 한 자",1
220792a7-0e2b-424d-be7e-591a945dcaa6,492,LIST_ITEM,3. 보안사항,"3. 보안사항
- 가. 감리사업자는 과업 착수와 동시에 보안관리 책임자를 지정하여야 하고 보안책임자가 교체될 경우에는 인계인수를 철저히 하여야 함
- 나. 감리원은 감리수행과정에서 취득한 정보, 참고자료, 산출물, 반 ߳ 출입 하는 각종 전산장비에 대해 주관기관이 규정하는 관리계획과 보안 대책을 수립 ߳ 시행하여야 함
- 다. 감리사업자는 보안사항에 대한 보안각서[첨부1], 감리원은 사전에 보안 서약서[첨부2]를 제출하고 서약내용을 반드시 준수하여야 함
- 라. 위 보안대책과 보안서약을 위배하거나 보안사항 누설이 발생할 경우 감리사업자는 민 ߳ 형사상의 책임을 짐
- 마.  감리사업자는 [첨부3]'외주용역사업 보안특약 조항'을 준수하고 보안정책을 위반하였을 경우 [별표1]의 위규처리기준에 따라 위규자 및 관리자를 행정조치하고 [별표2]의 보안 위약금을 주관기관에게 납부하여야 함
- 바. 감리사업자는 사업 수행에 사용되는 문서, 인원, 장비 등에 대하여 물리적, 관리적, 기술적 보안대책 및 [별표3]의 '누출금지 대상정보'에 대한 보안관리계획을 사업제안서 및 용역수행계획서에 기재하여야 하며, 해당 정보 누출 시 주관기관은 국가계약법 시행령 제76조에 따라 해당 감리사업자를 부정당사업자로 등록
- 사. 사업 수행과정에서 취득한 자료와 정보에 관하여 사업수행 중은 물론 사업 완료 후에도 이를 외부에 유출해서는 안 되며, 사업 종료 시
사업부서의 보안담당자 입회하에 완전 폐기 또는 반납해야 함
- 아. 감리사업자는 사업 최종에 대해 정보보안전문가 및 전문보안점검도구를 활용하여 보안 취약점을 점검, 도출된 취약점에 대한 개선을 완료하고 그 결과를 제출해야 함",1
2213e4c9-a321-48ae-b413-109c88874d10,76,LIST_ITEM,최첨단 기술을 기반한 높은 내구성의 기어 시스템,"최첨단 기술을 기반한 높은 내구성의 기어 시스템
- 30년 이상 축적된 설계 노하우를 바탕으로 최고의 성능을 구현
- 수많은 운영 경험을 통해 검증된 높은 신뢰성 및 내구성
- 현장에서 간편한 분해 정비로 유지보수 시간 단축
Icon
Engineering drawing",0
223065c3-83bd-4cfe-af18-53827a899c4d,62,TEXT,모니터링 (Monitoring),"모니터링 (Monitoring)
원격 모니터링을 통해 압축기 수명 연장과 가용성 최대화, Downtime 최소화를 달성합니다.
In this image, we can see a diagram. There are some text and icons on the image.

Flow chart",0
239f85c8-f522-40ac-b987-f9f9c1fe2912,238,TABLE,,"Ⅰ. 사업 개요· · · · · · · · · · · · · · · · · · · · · · · · · · · · · · · · · · · · · · · · · · · · · · · · · · · · · · · · ·: Ⅴ. 제안서 작성 요령· · · · · · · · · · · · · · · · · · · · · · · · · · · · · · · · · · · · · · · · · · · ··· ·· ··· ··
· · · · · · · · · · · · · · · · · · · · · · · · · · · · · · · · · · · · · · · · · · · · · · · · · · · · · · 1: · · · · · · · · · · · · · · · · · · · · · · · · · · · · · · · · · · · · · · · · · · · · · · · · · · · · 19 ···",0
23e5a99a-356f-4c07-bbac-de92af887cbc,37,TABLE,,"작 성 항 목: 5. 향후 시스템 발전방향
작 성 방 법: 본 시스템과 관련 향후 발전방향에 대해 방안을 기술한다 .",0
23ebd5d4-3d00-48d1-9c62-936a03746331,456,LIST_ITEM,6. 유의사항,"6. 유의사항
- 가. 본 과업지시서의 내용 중 「전자정부법률/시행령」, 감리기준 및 감리원 고시와 상이한 경우, 관련 법, 기준 및 고시를 우선 적용함
- 나. 계약자는 국가계약법 시행령 제76조 1항 18호에 의거 '누출금지정보의 범위 (첨부 참고)'에 대한 보안을 강화하여야하며 해당정보누출 적발 시 국가계약법 시행규칙 별표2의 20호에 의거 제재조치 됨
- 다. 코로나19(COVID-19) 대응을 위한 공공계약 업무 처리지침을 준수하여야 함
- 1) 공공 사업현장에서 계약상대방은 「감염병의 예방 및 관리에 관한 법 률」, 「코로나19(COVID-19) 예방 및 확산 방지를 위한 사업장 대응 지침」(고용 부) 등 관련 법규 및 지침에 따른 사업자의 의무를 준수함
- 2) 코로나19 바이러스 확진자 또는 의심환자 발생 등 현장여건, 공정 진행 정도 등 제반 사정을 고려시 근로자의 안전을 위해 불가피하다고 판단되는 경 우에는, 발주기관은 본 계약에 의한 사업수행을 일시 정지토록 할 수 있으 며, 이 경우 정지된 기간에 대하여는 계약예규 「용역계약 일반조건」 제17조 및 제19조에 따라 계약기간 연장 및 계약금액을 조정함
- 3) 일시정지 조치를 실시하지 않은 경우라 하더라도 코로나19 바이러스로 인 해 작업이 현저히 곤란하거나 주요 부품의 수급 차질 등으로 불가피하게 계 약의 이행이 지체된 경우에는 해당 기간에 대하여는 지체에 따른 책임을 부과 하지 아니하며, 계약금액의 조정요건을 검토하여 요건에 부합할 경우 계약금액을 조정함",0
2408ab87-93d9-4fab-b8e8-4db7103b8322,52,TABLE,,"제안서 목차: 1. 교육훈련 및 품질관리
작 성 내 용: ㅇ감리수행절차 또는 감리보고서의 품질향상을 위한 감리법인 차원의 감리원에 대한 교육훈련 내역 및",0
2512716f-773b-4fbb-9b7d-622eee12b99b,88,LIST_ITEM,4) 참고사항,"4) 참고사항
- 본 사업은 「소프트웨어 진흥법」제50조에 따른 과업내용 확정을 위하여 과 업심의위원회를 미개최한 사업임
- 계약 후 감리사업 수행사(계약자)는 소프트웨어진흥법 제50조제3항에 따라, 과업변경 필요시 과업심의위원회 개최를 요청할 수 있음",0
256302f7-6230-48a3-adef-f357986057a1,302,LIST_ITEM,5. 산출물,"5. 산출물
- 가. 본 과업과 관련된 감리보고서 등 산출물에 대한 저작권, 지적재산권은 주관기관 및 감리법인의 공동소유로 함
- 나. 주관기관은 감리법인에게 감리보고서 등의 산출물과 관련된 자료의 제출을 요구할 수 있고 감리법인은 이에 성실히 응하여야 함
다. 자료 제출 대상
사업수행계획서, 제출시기 = 계약체결 후 10일이내. 감리계획서, 제출시기 = 단계 감리시작 7일 이전. 감리보고서, 제출시기 = 단계 감리종료회의 후 10일 이내. 감리업무일지, 제출시기 = 단계 감리종료회의 후 10일 이내. 시정조치확인보고서, 제출시기 = 조치내역 확인 요청후 5일 이내. 최종 감리보고서, 제출시기 = 종료단계(최종) 감리 종료 후 15일 이내
- ※ 각종 보고서는 정보시스템 감리기준(행정안전부고시) 양식을 적용
- ※ 감리수행결과보고서를 포함한 감리 산출물의 제공형식(출력물, 파일) 제출대상 및 부수는 발주기관이 제시하는 기준을 준수하여야 함",1
256b3997-1e1b-4040-82c1-ed23ed6b1e90,51,LIST_ITEM,2.  사업자 선정 방법,"2.  사업자 선정 방법
-  본 사업의 계약방식은「국가를당사자로하는계약에관한법률시행령」제43조(협상 에 의한 계약체결)에 의함",0
25741062-1e6b-42de-93a5-7eba6c5e1ff5,222,LIST_ITEM,2. 사업자 선정방법,"2. 사업자 선정방법
-  소프트웨어진흥법제48조제2항의 규정에 따라 대기업인 소프트웨어 사업자가 참여할 수 있는 사업금액의 하한이 적용되는 사업으로 대기업은 참여할 수 없음
- 4) 계약목적물의 지적재산권 귀속
- 본 사업의 수행 결과물(계약목적물)에 대한 지식재산권은 주관기관과 계약상대자가 공동으로 소유하며, 별도의 정함이 없는 한 지분은 균 등한 것으로 함. 다만, 개발의 기여도 및 계약목적물의 특수성(보안, 영업비밀 등)을 고려하여 계약당사자간의 협의를 통해 지식재산권 귀속주체 등에 대해 공동소유와 달리 정할 수 있음. 또한, 지식재산권의 타 용도 및 상업적 활용 시 반드시 주관기관과 협의하여야 함
- 5) 공동계약 및 하도급 불가",0
25ec07c7-605b-4636-9ac1-89c63fbee54e,43,TABLE,,"항목: 데이터 분석 및 시각화
시스템 / 솔루션: IBM Cognos Analytics
내용: • 웹기반 다차원 데이터 분석 • 대시보드를 통한 데이터 시각화",1
263df809-a734-48e4-bb12-5b716116b408,56,TABLE,,"구분: 위약금 비중
위규 수준: 부정당업자 등록
위규 수준: 용역대가의 2%
위규 수준: 용역대가의 1%
위규 수준: 용역대가의 0.5%",0
28a2e83e-8b66-47c5-8c5a-e97bc6b6ff2c,101,LIST_ITEM,1. 제안자격,"1. 제안자격
- 입찰당시 행정안전부로부터 등록취소 또는 업무정지 명령을 받아 업무 정지 기간 중에 있는 감리법인은 입찰에 참가할 수 없음
- 국가계약법상 부정당업자로 입찰참가자격을 제한받고 있는 업체
- 단독 형태로만 입찰에 참여할 수 있으며, 공동수급(공동이행방식) 및 하 도급은 불허한다.",0
293dda1c-58a9-4060-956e-08edf0157418,142,TABLE,,"제안서 목차: 1. 제안 배경, 목적 2. 제안의 특징 및 장점 3. 사업추진 전략 및 방 안 4. 기대효과
작 성 내 용: ㅇ제안요청 내용을 명확하게 이해하고 제안에 참여하는 배경, 목적, 범위, 전제조건 및 제안의 특징과 장점, 추진전략 및 기대효과 기술 ㅇ대상사업의 기술구조, 적용방법론, 업무형태 등에 대한 분석과 제안업체가 성공적으로 감리업무를 수행할 수 있는 이유(보유기술 및 경험 등)를 기술적/업무적으로 명확히 기술",0
295da32d-9dbc-424d-9ff4-70e67693645a,95,TABLE,,"요구사항 고유번호: 요구 사항 상세 설명 정의 세부 내용
사업관리-001: 사업관리 일반  본 사업을 수행할 등)을 제시  업무협의 및 진도보고 - 계약자는 과업 수행 고 추진내용은 주간보고를 경우 별도로 보고 - 주간보고서에는 중 수행할 과업 내용을  본 사업에 인력투입계획의",1
297248f2-7a01-46f1-87b6-626345d9acb4,28,TABLE,,"산출물종류: 감리보고서
제출시기: 단계 감리종료회의 후 10일 이내",1
2a292ee0-2627-444e-9860-0e1b928cce22,33,TABLE,,"요구사항 고유번호: 요구사항 분류
요구사항 고유번호: 요구사항 분류
사업지원-002: 사업관리 요구사항",0
2b91d8f2-10e4-4a02-b204-f1d6557001ca,24,LIST_ITEM,Air Separation,"Air Separation
-  Gas Processing & Treatment
-  LNG Terminal & Liquefaction
-  Cryogenic Solutions",0
2ce92338-e314-4a3b-a944-b7f78543dca0,13,TABLE,,작 성 항 목: Ⅱ . 제안업체 일반,0
2d70685b-f483-4f18-b13f-14af5c358e0b,164,TABLE,,"column_0: 차세대 정보시스템 ERP재구축
주관기관: 한국자동차 연구원
사업자: (주)아이 티메이트
단계감리 실시여부 (실시 : o, 미실시 : x): O
단계감리 실시여부 (실시 : o, 미실시 : x): O
단계감리 실시여부 (실시 : o, 미실시 : x): O
상주 및 추가 감리실시 여부 (실시 : 0, 미실시: X): X
감리 예산 규모 (VAT 포함): 250,000천원
감리기준상의 투입공수 (MD): 213MD
최소 감리 (일): 7",0
2f68a2e0-84d0-4a3d-88f9-9f86bafedd83,33,TABLE,,"작 성 항 목: 2. 조직 및 인원
작 성 방 법: 제안사의 조직 및 인원현황을 제시하여야 한다 .",0
302c8194-869e-4560-afb6-1966be6d60f9,79,TABLE,,"세부과제: 환류시스템구축
목표: 분석결과에 대한 환류를 통하여 진단된 교육의 환경을 개선
추진내용: • 분석결과에 대하여 IR 정보시스템 및 운영중 인 차세대정보시스템 (SU-WINGs) 에 반영 • 반영된 결과를 통해 학생들의 학업 진단과 개선 방안 지도",1
30c0c90c-df6b-4f8a-8247-d16849f099be,138,TABLE,,"Ⅰ. 사업 개요· · · · · · · · · · · · · · · · · · · · · · · · · · · · · · · · · · · · · · · · · · · · · · · · · · · · · · · · ·: 7. 감리 중점 사항
· · · · · · · · · · · · · · · · · · · · · · · · · · · · · · · · · · · · · · · · · · · · · · · · · · · · · · 1: ....................................................................................................4",0
31109c95-1a16-4ab9-9f43-6fdf83c56e46,6,TABLE,,구 분: 감리원,0
31f5412f-81ba-4a09-baea-dfcbcbce7a54,26,TABLE,,"SM2100: 2,360 x 1,660 x 1,770",0
321bf6ce-ade9-4f47-8be2-4d7711fa22fc,12,TABLE,,제안서 목차: Ⅳ. 점검방법,0
3253f35f-fbf2-4922-90e6-6e1937acb956,25,TABLE,,"Model: Discharge Pressure
Model: Psi A
SM7100 +: 72 ~ 166",0
3300f6ef-818e-4dc4-a594-e42b84f37f9c,378,LIST_ITEM,1. 과업내용,"1. 과업내용
- 2) 감리법인은 확보된 감리장소에서 전문가적 주의를 다하여 관련 산출물,
2. 시스템 등을 검토하고, 사업자의 담당자를 면담하여 개선해야 할 문제점을 파악하고 개선방향을 마련해야 함
- 3) 감리법인은 현장감리 기간중에 발견된 특이사항 및 문제점에 대하여
4. 증적과 함께 누락없이 기술하여 감리수행결과보고서 초안을 작성
- 4) 주관기관은 다음 사항을 점검하기 위해 현장감리기간 중 감리법인의
6. 감리현장에 대해 사전통보 없이 실사를 수행할 수 있음
- 제안서 및 감리계획서에서 명시한 감리원의 편성 준수성
- 상근 및 비상근 감리원의 근태
- 감리원의 금전적 또는 기타 부당한 요구 여부 등
- 주관기관의 현장실사 시 인력투입사항이 감리업무일지와 상이한 경우에 는 해당인력의 감리비를 삭감하고 향후 일정기간 입찰참가를 제한받을 수 있음
11. 마. 감리수행결과보고서 작성
- 1) 감리법인은 현장감리 기간 중에 감리수행결과보고서 초안을 작성
- 감리수행결과보고서에서 지적하는 개선권고사항은 근거 및 논리가 명확
14. 하여야 하며, 전문가적 주의를 다하여 발견한 사항을 누락없이 기재하여야 함
- 감리수행결과보고서의 서식은 감리수행가이드를 준용",1
33438460-3d3d-40b5-98ec-836521133f1a,114,TABLE,,"요구사항 고유번호: 요구 사항 상세 설명
요구사항 고유번호: 세부 내용
기능요구-006:  데이터 분석결과 선정된 지표현황관리에 대하여 기구축된 IR정보 시스템에 대시보드 개발(데이터 시각화)  대시보드로 관리할 지표현황은 삼육대학교와 협의하에 관리 대상 을 선정함 (대시보드를 위하여 별도의 추가 솔루션을 도입하지는 않음)",1
33895db3-b0f0-48d4-b1f3-48327fa38e5d,31,TEXT,5. 제안서 작성 요령,"5. 제안서 작성 요령
가. 제안서 세부작성방법은  'Ⅴ 제안서 작성 요령' 참조",0
33b8d5a8-298d-4bee-92bc-5f088a92422f,179,LIST_ITEM,1) 보안유지,"1) 보안유지
- 제안사는 본 사업과 관련하여 취득한 업무 내용에 대하여 제3자에게
- 누설하여서는 안되며, 주관기관이 요구하는 보안사항을 철저히 준수하여야 함
- 제안요청서 및 관련 자료는 제안서 작성 이외의 목적으로 사용 불가
- 제안사는 감리계약을 통해 습득한 정보 등에 대해 주관기관의 사전동의 없이 계약이행의 전후를 막론하고 이를 타 용도로 사용하거나 외부에 공개 또는 유출하지 못하며, 과업수행 중과실로 인한 일체의 사고에 대해서는 제안사가 책임을 짐
- 주관기관은 감리인에 대한 신원조회 등을 위한 자료제출을 요구할 수 있으며 제안사는 이에 응하여야 함",1
34196217-eccd-4414-afe4-4bffb2c91c9d,229,LIST_ITEM,1)  IR  정보시스템 구축 방안,"1)  IR  정보시스템 구축 방안
-  본  사업의 수행절차의 체계적 관리를 위한 방법론을 단계별로 제시하여야 한다.
- -본 사업의 공정관리 등 프로젝트 관리방법론에 대한 활용방안을 제시하여 야 한다.
-  각종  장애  발생  시  즉각적인  원인분석  및  복구  등  유지보수를  보장하기 위하여 기술지원 부서 및 전문 인력을 확보하고 있어야 하며, 구체적인 장 애조치계획을 제시하여야 한다.
-  본  사업  추진과정에서  산출물의  변경요인(프로그램  변경,  개발)이  발생할 경우 관련사항을 현행화 반영해야 한다.
-  본  사업의  예측  모델이나  데이터 분석 모델 개발에 및 사용되는  도구에 있어 보다 보완하여 개선된 모델 개발 방향이 있을시 적극 제안하여 삼육 대학교와 조율할 수 있다.",1
347d9dcb-a58f-4e1a-84c2-53aca98dd3ae,52,TABLE,,"Ⅰ. 사업안내: 4.
Ⅰ. 사업안내: 기대효과························································································································· 3",0
34b2074f-63fb-4737-ac65-c23bacc0e89b,52,TABLE,,"Ⅰ. 사업안내: 3.
Ⅰ. 사업안내: 사업범위························································································································· 2",0
3662dd78-2de4-4762-9021-915c9b71de31,19,TABLE,,"Model: HP
SM2100: 200 ~ 450",0
3a35d355-8018-483c-85d0-eb5f021c184c,4,PICTURE,Specifications,"Specifications
Engineering drawing",0
3af86f2a-58e0-4139-a508-d9b75830af43,31,TABLE,,"요구사항 고유번호: 요구사항
요구사항 고유번호: 명칭
사업관리-005: 테스트 수행방안",0
3b4db7d7-1f1b-4439-bf61-2b541d3d7a6a,24,TABLE,,"Model: Discharge Pressure
Model: Psi A
SM2100: 72 ~ 165",0
3bf4906b-2c9a-4d0a-9aeb-cd3c61d0be27,329,LIST_ITEM,1. 입찰 및 낙찰방식,"1. 입찰 및 낙찰방식
- 가. 협상적격자 및 낙찰자 선정
- 1) 제안서의 기술평가 점수가 기술평가분야 배점한도의 85%이상인 업체를 협
- 상적격자로 정하고, 협상순서는 협상적격자 중 종합평가점수(기술평가, 가격평가 점수의 합산)의 고득점 순에 의하여 결정
- 2) 협상순서에 의해 협상을 실시하여 낙찰자가 선정될 때까지 순차적으로
- 협상실시
- 나. 종합평가 점수 = 기술평가(90%), 가격평가(10%)의 합산
- 1) 동점 시 처리방침
- 종합평가점수가 동점인 경우, 기술평가 점수가 높은 사업자 선정
- 기술평가 점수도 동일한 경우, 배점이 높은 평가항목에서 점수가 높은
- 사업자를 선정
- 2) 평가점수는 소수점 5자리에서 반올림
- 다. 기술평가
- 1) 제출된 제안서에 대하여 평가기준에 의거한 주관기관(한국자동차연구원,
제안서 평가주체) 기술평가 실시
- 2) 각 감리법인에 대한 평가위원별 합산 점수 중 최고, 최저 점수 각 1개를 제외한 평균점수로 해당 감리법인의 기술평가 점수 산출",0
3bfd9c46-b7b0-4e83-9ca6-c211a91f6694,122,TABLE,,"Model: Dimension (L x W x H)
Model: mm
SM3000: 4,750 x 2,100 x 2,500
SM4000: 5,100 x 2,250 x 2,500
SM5000: 5,450 x 2,250 x 2,500
SM6000: 6,200 x 2,300 x 2,550",0
3c870e39-5e15-4773-bc99-64ce316c9d48,276,TEXT,제안서 ( 표지 ),"제안서 ( 표지 )
* 아래 사항 중 해당되는 경우에만 기재하시기 바랍니다 .
상호 또는 법인명칭
법인등록번호
주             소
전 화 번 호
(
)
-
대         표           자
사업자등록번호
입찰
개요
입 찰 공 고 번 호
입
찰
건
명
제안
서발
표자
성    명
소속
직    위
주요경력
입찰공고문 등을 숙지하고 제안서를 붙임과 같이 제출합니다 .
- 붙임서류 1. 제안안내서를 참조하여 제안사가 제출하는 서류목록을 순서대로 기재 하여 원본 제출
2.
3.
4.
5.
6.
7.
8.
9.
20
.
.
.
상    호 :
대 표 자 :
( 인 ) 반드시 법인인감 날인
한국자동차연구원 귀중
In this image there is a table with some text.

Table
- 주) 1.  제안서 표지는 백색으로 하며, 치장은 금지함.
2.  원본/사본  구분 기술.",0
3c8b9f1b-f632-474b-a03e-1446fdb321d6,45,TABLE,,"Ⅰ. 사업안내: 1. 기구축된
Ⅰ. 사업안내: IR정보시스템 플랫폼 구성도 ································································· 4",0
3c9b3273-e3b0-4dcd-9746-83e4a707081a,18,TABLE,Features,"Features
 2,800 x 2,950
Engineering drawing",0
3d2ec65d-e7b8-41fc-9ee4-f28639c5b96e,11,TABLE,,작 성 항 목: Ⅴ . 지원부문,0
3d715c81-5d22-41bd-853e-b0e486679184,110,TABLE,,"일반현황 및 연혁: 해당부문 사업기간
일반현황 및 연혁: 해당부문 사업기간
일반현황 및 연혁: 년
일반현황 및 연혁: 월
일반현황 및 연혁: ~
일반현황 및 연혁: 년 월
일반현황 및 연혁: ( 년 개월)
일반현황 및 연혁: ( 년 개월)
일반현황 및 연혁: ( 년 개월)",0
3d7f31d8-866e-4552-b325-08552ee4179e,26,TABLE,,"사 업 명: 주관기관
차세대정보시스템 ERP 재구축 사업 감리용역: 한국자동차연구원",0
3e0a6add-5559-4b1f-a8c1-d6ed6618a7dc,147,TABLE,,"요구사항 고유번호: 요구 사항 상세 설명
요구사항 고유번호: 세부 내용
기능요구-002:  재학생들의 중도탈락 방지를 위한 위험군 도출, 학업 성취도 개선 방안이나 삼육대학교 구성원들의 최근 정서 사항을 도출해내는 큰 주제에 대한 구체적인 분석 주제를 선정  보유하고 있는 데이터(학사행정 시스템에서 수집된 데이터, 비교 과 프로그램 및 설문, 만족도 조사 결과 데이터 등)와 삼육대학교 의 의견 표출에 대한 환경적 요인 등을 고려하여 주제 선정에 대 한 방향과 방법론 제시",1
3e9b61a2-2147-4576-a7cf-2e5d5b4a9068,275,LIST_ITEM,2) 기타사항,"2) 기타사항
- 제안 내용의 전부 또는 일부에 대하여 담합한 사실이 발견되거나
- 담합하였다고 판단되는 경우에는 제안을 무효로 함
- 제안서에 명시된 참여기술자는 주관기관이 사전 승인 없이 사업수행 중
- 임의로 교체할 수 없음
- 3) 유의사항
- 제출된 제안서는 일체 반환하지 않으며, 본 제안과 관련된 일체의
- 소요비용은 입찰참가자의 부담으로 함
- 제안서를 허위나 단순 예상으로 작성해서는 안 되며 모든 기재사항을 객관적으로 입증할 수 있어야 하고, 입증을 못하거나 허위로 작성된 사실의 발견 시는 평가대상에서 제외되며, 향후 계약체결 후라도 이러한 사실이 발견될 시 계약파기를 할 수 있고, 이에 대한 책임을 면하지 못함
- 제안내용에 대한 확인 ߳ 검증이 필요한 경우 제안사에 입증자료를 요구할 수 있으며, 입증 자료를 제출하지 못할 경우 실현 불가능한 것으로 판단
- ※ 제안서의 내용을 객관적으로 입증할 수 있는 관련 자료는 제안서의 별첨으로 제출하여야 함",0
3ed228d8-1ca8-46d1-8951-804dea0084a3,498,LIST_ITEM,2. 공통사항,"2. 공통사항
- 정보시스템감리기준 제5조(감리인력 배치) 및 정보화사업 감리 발주 ߳ 관리 가이드, '2.1.3 감리인력 배치기준' 및 최소 감리기간을 고려하여 적정 한 수준의 투입공수를 제시하여야 함
- 단계감리의 최소감리기간은 사전조사, 감리결과 시정조치 확인, 주말 및
- 공휴일 등을 제외한 순수 현장감리기간을 의미하는 것으로 감리품질 향상을 위해 감리원에게 충분히 점검할 수 있도록 적정 감리기간을 확보해 주기 위한 것 임
- 업무의 연속성을 고려 각 단계별 감리에 동일한 감리원 투입을 원칙으로 함
- 감리 대상사업의 사업자가 추가로 제안하여 개발하는 내용도 감리대상에
- 포함하여 수행하여야 함
- 제안사는 자체 판단에 의해 상주감리 제안이 가능하나, 세부 특이사항에
- 상주감리 요구가 명시되지 않는 경우에는 주관기관과 협의 필요
- ※ 상주감리 제안 시, 투입공수와 수행업무를 명확히 기재하되 일상적인 사전조사와
- 현장감리 및 감리결과 조치확인은 이에 해당하지 않음
- ※ 상주감리원 자격기준은 정보시스템감리기준 제5조(감리인력 배치)에 의함
- 감리수행 시 사업수행으로부터 생성된 산출물 외에는 사업자에게 추가적인 산출물 작성을 요청할 수 없음
- 종료단계 감리수행 결과보고서 제출 시 사업관리(진척관리, 위험관리, 변경
- 관리(인력/범위), 품질관리) 각 영역에 대한 감리의견(세부항목별 의견 포함)을 제시하여야 함
- (기능점수 기반 SW구축내역이 있는 경우) 개발계획 대비 실제 구축내역에
- 대해 기능점수 검증을 실시하고 비교표 형태로 작성하되 종료단계 감리수행 결과보고서 내에 포함하여 제출
- (웹 화면이 있는 경우) 웹 접근성 및 표준 준수 관련 내용을 감리 중점",1
3f76a002-4bda-4995-bc12-7ce84ed17238,71,TABLE,,"일반현황 및 연혁: 전 화 번 호 (FAX)
일반현황 및 연혁: 전 화 번 호 (FAX)
일반현황 및 연혁: 연간매출액 (참가신청일 이전에 종료된 사업연도분)
일반현황 및 연혁: 백만원",0
3fb09ad2-a232-47a7-97aa-1a2b23041fb7,50,TABLE,,"Ⅰ. 사업안내: 3. 사업관리
Ⅰ. 사업안내: 부문··············································································································· 8",0
41df6002-877f-4f35-8ed5-77f372e79947,12,TABLE,,작 성 항 목: Ⅳ . 사업관리 부문,0
41e51483-b9bc-4471-ad74-f3fe5a7d7575,209,TABLE,,"Ⅰ. 사업 개요· · · · · · · · · · · · · · · · · · · · · · · · · · · · · · · · · · · · · · · · · · · · · · · · · · · · · · · · ·: 2. 감리 요구사항 ··· ·· ··· ·· ··· ·· ··· ·· ··· ·· ·· ··· ·· ··· ·· ··· ·· ···
· · · · · · · · · · · · · · · · · · · · · · · · · · · · · · · · · · · · · · · · · · · · · · · · · · · · · · 1: ··· ·· ··· ·· ··· ·· ··· ·· ··· ·· ··· ·· ··· ·· ·· ··· ·· ··· ·· ··· ·· · 7",0
43bb34c0-cccd-4a26-9d1f-ae6a8d617f0b,137,TABLE,,"Ⅰ. 사업 개요· · · · · · · · · · · · · · · · · · · · · · · · · · · · · · · · · · · · · · · · · · · · · · · · · · · · · · · · ·: 6. 감리방향
· · · · · · · · · · · · · · · · · · · · · · · · · · · · · · · · · · · · · · · · · · · · · · · · · · · · · · 1: ................................................................................................................3",0
43d1b0de-01c4-48c6-86b6-9f00a4743555,75,TABLE,,"요구사항 고유번호: 요구 사항 상세 설명 정의 세부 내용
사업지원-003: 유지보수 요건  사업자는 프로젝트 성 있게 유지되도록  브라우저, 운영체제, 획 제시.  응용 프로그램에 지원할 수 있는 세부 보수기간은 최종",1
44a734b5-7e11-42d6-aff4-fe1c8ba16b81,100,TABLE,,"Model: HP
SM3100 Pro: 270 ~ 800
SM4100 Pro: 620 ~ 1,220
SM5100 Pro: 770 ~ 2,015
SM6100 Pro: 1,170 ~ 3,380
SM7100 Pro: 1,340 ~ 3,753",0
45238821-c003-4cf2-8a00-5aaf4020f015,430,LIST_ITEM,1.  개  요,"1.  개  요
- 1)  사 업 명 : 삼육대학교 IR(Institutional Research) 정보스템 구축
- 2)  사업기간 : 2021년 4월 ~ 2021년 11월 (3차년도 사업)
- 3)  입찰방식 : 제한경쟁입찰
- 4)  사업자선정방식 : 협상에 의한 계약
- 5)  사업내용 :
-  수집된  데이터의  패턴을  분석한  예측모델과  현재  대학  구성원들의  정서 와 학습의 진단 및 개선을 위한 분석모델 개발(머신러닝 기반)
-  데이터  분석  결과에 대한 환류시스템 개발을 통해 교육의 질 개선 구현
1년차(2019년), 사업 내용 = Ÿ IR 정보분석 플랫폼 구축 Ÿ 교육질관리을 위한 지표, 고등교육통계/정보공시, 대학평가지표 분석 환경 구축. 2년차(2020년), 사업 내용 = Ÿ 1차년도 구축 검증을 통한 통계지표 확대 - 외부 시스템 데이터 및 비교과과정에 따른 데이터 추출 및 학사와의 연관분석 - 인사정보 데이터 개선 및 연구업적 지표 분석 Ÿ 온라인 설문 시스템 구축에 따른 학사, 설문/만족도에 대한 연관분석 Ÿ 교원평가시스템 구축을 통한 성과관리 체계 마련. 3년차(2021년), 사업 내용 = Ÿ IR정보시스템 고도화 Ÿ 머신러닝 기반으로 수집된 데이터들의 패턴 분석을 통한 예측모델 개발 - 중도탈락 예방을 위한 위험군 예측 모델 개발 - 학업성취도에 관한 데이터 분석 모델 및 학습개선 모델 개발 Ÿ 분석 결과에 대한 환류 시스템 개발 Ÿ 주요 지표에 대한 데이터 시각화",1
4649e53d-a6c1-4e1e-9646-e36d6ab9399c,127,TABLE,,"Ⅰ. 사업 개요· · · · · · · · · · · · · · · · · · · · · · · · · · · · · · · · · · · · · · · · · · · · · · · · · · · · · · · · ·: 선정방법 ···
· · · · · · · · · · · · · · · · · · · · · · · · · · · · · · · · · · · · · · · · · · · · · · · · · · · · · · 1: ···",0
466c8a8a-e34a-475c-8c00-16478b2ad467,18,TABLE,,"수행활동: 사후관리
수행절차: 조치결과 확인",0
468cea93-7ec9-4d82-8856-82ef049b83b4,25,TABLE,,"추진내용: 머신러닝 서버 구축
추진 일정: ●●
추진 일정: ●●",0
46e0f8e8-c532-43e4-bd56-ba5acab8123d,19,TABLE,,"수행활동: 감리시행
수행절차: 감리보고서 제출",0
482f03b2-fb98-4523-93a5-64157810d9bf,107,TABLE,,"년차: 2년차(2020년)
사업 내용: Ÿ 1차년도 구축 검증을 통한 통계지표 확대 - 외부 시스템 데이터 및 비교과과정에 따른 데이터 추출 및 학사와의 연관분석 - 인사정보 데이터 개선 및 연구업적 지표 분석 Ÿ 온라인 설문 시스템 구축에 따른 학사, 설문/만족도에 대한 연관분석 Ÿ 교원평가시스템 구축을 통한 성과관리 체계 마련",0
484b3686-3886-4ec4-a10e-29b17a68e37c,72,LIST_ITEM,우수한 내구성을 자랑하는 쿨러,"우수한 내구성을 자랑하는 쿨러
- 압력 강하(Pressure Drop)를 최소화하는 최적의 Airflow 설계
- 사용자 환경에 적합한 소재 적용으로 우수한 내구성 구현
- 일자형 Water-in-Tube 타입으로 세척 및 유지 보수 용이
Screenshot from computer
Photograph",0
48875f5a-9f39-4668-a631-d19d005ebb90,77,TABLE,,"구 분: 감리 인력 (50)
평가 항목: 각 분야별 감리인력 (25)
평 가 요 소: ㆍ투입 감리원(총괄감리원 포함)의 계속교육 이수실적(이수한 교육의 종류 및 시간)이 적정한 수준인지 여부
배 점: 5",0
4887f1be-fa28-43f0-8690-58cda8921815,96,TABLE,,"Model: kW
SM3100 Pro: 250 ~ 600
SM4100 Pro: 460 ~ 900
SM5100 Pro: 570 ~ 1,500
SM6100 Pro: 870 ~ 2,520
SM7100 Pro: 1,000 ~ 2,800",0
49d3b7d8-7d4b-4ae7-98cb-b272b1bdadad,40,TABLE,,"추진내용: 가설검증 및 예측분석모델 개발
추진 일정: ●●
추진 일정: ●●●●
추진 일정: ●●●●",0
49ebcdf9-c1b4-4588-88f5-29d7b8c39ca3,4,TABLE,,구 분: 계,0
49f71c92-42db-42b5-9b34-bde14261a847,485,TEXT,1. 일반사항,"1. 일반사항
가. 제안서 작성
- 1) 제안서 작성은 아래 '3. 제안서 목차 및 작성내용'에서 정해진 방식 및 양식에 의거하여 가급적 작성
- 2) 제안서의 규격은 다음 사항을 적용하여 가급적 작성
- 제안서는 A4 규격(210mm × 297mm)을 사용하여 표지, 목차를 제외한 서식 하단 중앙부에 쪽수를 기재하여 작성하되 각 쪽 상단 머리글에는 목차 내용을 표시하여야 하고 표지, 첨부서류를 제외하고 가급적 100쪽 내외로 작성
- 상기 제안서 분량 준수를 권고하고, 첨부된 서식은 반드시 준용
- 제안서의 첨부(증빙)서류 : 감리원 일정 현황표, 비상근 감리원 및 전문 인력 참여동의서, 투입 감리원별 실적 및 경력(양식 필수 준용, 제안서 본문 뒤편에간지로 구분하여 같이 포함하여 제출)
- 종방향 표현이 부득이한 경우 횡방향으로 작성할 수 있으나 최소화
- 표지를 포함한 모든 제안내용은 흑백으로 작성
- 제안서는 한글 작성이 원칙이며, 사용된 영문약어에 대해서는 약어표 또는 설명을 제공해야 함
- 3) 제안서의 내용을 객관적으로 입증할 수 있는 관련 자료는 제안서의
2. 별첨으로 제출하여야 하며 입증에 대한 책임은 제안사에 있음
- 4) 제안서의 내용은 '명확한 용어를 사용하여 표현'하여야 함. 예를 들어, '사용가능하다, 할 수 있다, 고려하고 있다' 등과 같이 모호한 표현은 평가시 불가능한 것으로 간주함
- 5) 제안서의 내용은 제안요청서에 제시된 요구사항을 만족하거나 동등
5. 수준 이상으로 제안하여야 하며, 제안서에 제시된 내용은 계약서에 명시되지 않은 경우에도 계약서와 동일한 효력을 가짐",0
4aa11b4e-5a6e-48d8-b668-3544b3961212,13,TABLE,,"업무 일련번호: 계
업무명: 계",0
4bd0e21d-16d1-4ac6-a6ed-ea7e3206694c,328,LIST_ITEM,Features,"Features
- 고유량 압축기 표준화 설계를 바탕으로 합리적인 제품 제안 가능
- 한화파워 의 첨단 Engineered 압축기 설계 기반, 다수의 Reference 확보하여 내구성 보장
- 고품질의 4세대 CNC 5축 가공 Master Impeller 적용한 정교한 설계로 에너지 손실 최소화
- 컴팩트한 장비 사이즈로 현장 접근성 및 점검 효율성 최적화
Capacity, Model = m 3 /hr. Capacity, SM7100 + = 32,000 ~ 45,000. Capacity, Model = CFM. Capacity, SM7100 + = 18,835 ~ 26,487. Power, Model = kW. Power, SM7100 + = 2,300 ~ 4,000. Power, Model = HP. Power, SM7100 + = 3,038 ~ 5,361. Discharge Pressure, Model = bar A. Discharge Pressure, SM7100 + = 5.0 ~ 11.5. Discharge Pressure, Model = Psi A. Discharge Pressure, SM7100 + = 72 ~ 166. Dimension (L x W x H), Model = mm S. Dimension (L x W x H), SM7100 + = 6,201 x 3,234 x 3,816",0
4d3a534f-29f3-4122-9f42-c5a596ce3c21,50,TABLE,,"Ⅰ. 사업안내: 4. 일반
Ⅰ. 사업안내: 사항···················································································································· 19",0
4d513173-5a8c-4d64-b64d-aef31ffe864a,396,LIST_ITEM,6. 감리방향,"6. 감리방향
- 가. 경영지원 업무 표준화 및 효율화 제고를 위해 대·내외 환경 및 제 도변화에 유연하게 대처할 수 있는 프로세스 개선을 통해 구축하는 차세대 정보시스템 ERP 재구축 사업의 특성을 고려하여 설계 및 사 업수행의 적정성 검토
- 나. 사업수행 단계별(요구정의, 설계, 종료) 완료 수준의 검증
- 1) 사업의 분석ㆍ설계단계 완료시점에서 계획대비 이행 수준 점검
- 2) 사업의 구현ㆍ시험단계 완료시점에서 시스템 구축 완성도 점검
- 3) 과업수행 점검, 향후 구현 단계에서 발생할 수 있는 변경사항에 능동적으
4. 로 대처하기 위한 준비 상태에 대한 검토
- 4) 문제가 예상되는 부문에 대한 사전 발견
6. 다. 안정적인 사업 분공을 위한 준공지원 및 최종검토
- 1) 과업수행 점검과 구현단계 완료시점에서 발생할 수 있는 변경사항에 능동적으로 대처하고 정보시스템 구축 관련 법규, 기준, 표준 등의 준수
8. 여부 확인을 통해 안정적인 사업 준공
9. 라. 분야별 전문 감리원 활용
- 1) 감리는 총괄감리원 및 분야별 전문감리원을 편성하여 진행하며, 내부 의사소통을 원활히 유지함
11. 마. 과업의 특별 요구사항 반영내용 및 수준 검토
- 1) 요구사항 반영의 충분성
- 2) 기타 주관기관, 사업관리기관의 요구사항을 반영 결과 감리실시
14. 사. 감리 결과물에 대한 이행여부 확인 등 사후 감리 및 지원 수행",1
4d68eecd-8ef2-4eec-8f14-a74330dae850,70,LIST_ITEM,Global Network,"Global Network
- Asia-Pacific
Shanghai, China
200233 20/F, New Caohejing International Business Center A, No391, Guiping Road, Shanghai, China Tel 	 +86.21.5427.1155 (8510)",0
4d737f6f-46b9-40cd-979e-8493357540b7,58,TABLE,,"구 분: 감리 인력 (50)
평가 항목: 감리 인력구성 (15)
평 가 요 소: ㆍ투입 감리인력 중 상근감리원의 비율이 적정한지 여부
배 점: 5",0
4db936cb-8fa2-4bd6-bb93-a51dee7efccc,44,TABLE,,"Model: Discharge Pressure
Model: bar A
Model: bar A
SA2100: 3.5-11.4
SA3100: 3.5-11",0
4dbd7c24-3067-4c6b-abd7-9982b82c1cd8,267,LIST_ITEM,라. 주요 사업내용,"라. 주요 사업내용
- 1) 차세대 업무시스템 구축
- 대·내외 환경 변화와 서비스 확장성을 고려한 유연한 시스템 설계·구축
- 사용자 중심의 UX(User Experience), UI(User Interface) 설계·구축
- 최신 기술을 활용하여 단순·반복 수작업 업무의 자동화 구현
- 2) 대·내외 시스템 연계 및 연계 정합성 확보
- 대내: 그룹웨어, 웹메일, 메신저시스템 등 내부 시스템 연계
- 대외: 통합이지바로, 통합RCMS, 유가정보, 카드사, 은행권, 국세청,
8. E-나라도움, 전자세금계산서 등 연계
- 3) DB구축 및 데이터 이관
- 차세대 정보시스템 데이터베이스 구조 설계 및 구축
- 데이터 정비, 이관 및 검증
- 4) 신규시스템 구축 및 연계에 대한 검토
- 시스템 도입에 대한 타당성 검토 및 완성도 검증
- 대상 시스템 : DR시스템(연구과제공유시스템), 전자입찰/계약시스템,
15. 자산관리시스템, 안전총괄관리시스템 등",1
4e5d910a-86ec-4f55-83e7-32201e2fe80f,194,LIST_ITEM,4.  일반 사항,"4.  일반 사항
- 9)  제안서에 명시되지 않은 사항이라도 본 사업 진행상 반드시 필요하거나 불
2. 가피한 경미한 사항에 대해서는 본 계약에 포함된 것으로 간주한다.
- 10)  제안서는 한글작성이 원칙이며, 사용된 영문약어에 대해서는 약어 표를 제
4. 공하여야 한다.
- 11) 제안서는 A4 종 방향작성을 원칙으로 하되 부득이한 경우 A4 횡 또는 기
6. 타 용지를 일부 사용할 수 있으며 책자로 제작하여야 한다.
- 12)  제안서의  내용은 선정된 후 계약서에 명시되지 않더라도 계약서와 동일한 효력을 가진다.(단, 계약서에 명시한 경우에는 계약서 사항이 우선한다.)",0
4f081cc4-59c1-450f-a6aa-486d2b7a7978,50,TABLE,,"일반현황 및 연혁: 설 립 일 자
일반현황 및 연혁: 설 립 일 자
일반현황 및 연혁: 자 본 금
일반현황 및 연혁: 백만원",0
4ff6dcaa-0518-4c3d-adec-0f72f06b09c2,336,LIST_ITEM,외주용역사업 보안특약 조항,"외주용역사업 보안특약 조항
1.  사업자는 한국자동차연구원의 보안정책을 위반하였을 경우 [별 표1]의 위규처리기준에 따라 위규자 및 관리자를 행정조치하고 [별 표2]의 보안 위약금을 한국자동차연구원에 납부한다
2. 사업자는 사업 수행에 사용되는 문서, 인원, 장비 등에 대하여 물리적, 관리적, 기술적 보안대책 및 [별표3]의 '누출금지 대상정보'에 대한 보안관리계획을 사업제안서 및 용역수행계획서에 기재하여야 하며, 해당 정보 누출 시 한국자동차연구원은 국가계약법 시행령 제 76조에 따라 사업자를 부정당업체로 등록한다.
3.  사업 수행과정에서 취득한 자료와 정보에 관하여 사업수행 중은 물론 사업 완료 후에도 이를 외부에 유출해서는 안 되며, 사업 종료 시 사업부서의 보안담당자의 입회하에 완전 폐기 또는 반납해야 한다.
4. 사업자는 사업 최종 산출물에 대해 정보보안전문가 또는 전문보안 점검도구를 활용하여 보안 취약점을 점검, 도출된 취약점에 대한 개선을 완료하고 그 결과를 제출해야 한다.
[별표1] 사업자 보안위규 처리기준
[별표2] 보안 위약금 부과 기준
[별표3] 누출금지 대상 정보
[별표4] 보안관리 세부 이행사항",0
50dff82d-5656-4940-97fa-c4aa64541b07,32,TABLE,,"요구사항 고유번호: 요구 사항 상세 설명
요구사항 고유번호: 정의
사업지원-001: 교육지원 요건",0
50e05049-c98a-4eaa-ab2a-55cfab762227,38,PICTURE,1.  기구축된 IR 정보시스템 플랫폼 구성도(1~2차년도 구축),"1.  기구축된 IR 정보시스템 플랫폼 구성도(1~2차년도 구축)
In this image, we can see some text and images.

Flow chart",0
51335cf7-13ff-4378-b897-0333a5491e11,115,TABLE,,"Model: Capacity
Model: CFM
SM3100 Pro: 1,950 ~ 3,240
SM4100 Pro: 2,480 ~ 5,160
SM5100 Pro: 4,200 ~ 8,670
SM6100 Pro: 9,800 ~ 14,800
SM7100 Pro: 14,400 ~ 21,150",0
51388782-6c17-424d-8b89-165d719f3c69,75,TABLE,,"제안서 목차: 1. 일반현황 및 연혁
작 성 내 용: ㅇ제안사의 일반현황 (연혁, 조직, 인력 등) ㅇ입찰공고일 기준 최근 3년이내 부정당업자 제재사항 여부(증빙첨부)
비고: <서식2>",0
5145f8c7-11e1-4a48-9c0b-f7a22e78addd,50,TABLE,,"Ⅰ. 사업안내: 3. 추진
Ⅰ. 사업안내: 일정······················································································································· 6",0
51a99ac9-f0ec-4d9b-b3aa-d7c0d3a95a2b,209,LIST_ITEM,3. 제안서 목차 및 작성 내용,"3. 제안서 목차 및 작성 내용
- 기본제안서(정성적 평가)
제안서 목차, 1 = 작 성 내 용. 제안서 목차, 2 = 비고. 제안서 표지, 1 = ㅇ제안서 표지 참조 작성(정성적 평가 자료). 제안서 표지, 2 = <서식1>. 목차, 1 = ㅇ기본제안서 목차 나열. 목차, 2 = . Ⅰ. 일반현황, 1 = . Ⅰ. 일반현황, 2 = . 1. 일반현황 및 연혁, 1 = ㅇ제안사의 일반현황 (연혁, 조직, 인력 등) ㅇ입찰공고일 기준 최근 3년이내 부정당업자 제재사항 여부(증빙첨부). 1. 일반현황 및 연혁, 2 = <서식2>",0
51aa1786-d1d1-4bea-bf4f-a1560d8bbbf9,172,TEXT,개인정보수집 동의서,"개인정보수집 동의서
본 제안자는 한국자동차연구원의 '차세대 정보시스템 ERP 재구축 사업 감 리' 용역의 낙찰자 선정을 위한 기술규격서(제안서)를 제출함에 있어 기술규격 서에 포함된 개인정보를 한국자동차연구원이 아래와 같이 수집 및 이용하는 데 동 의합니다.
- 개인정보의 수집 ߳ 이용 목적 : 본 용역의 낙찰자 선정 및 용역관리
- 개인정보의 항목
- 성명, 주민등록번호(총 13자리 중 앞 8자리), 경력, 자격증, 연령, 소속, 직위
- 개인정보의 보유 및 이용기간 : 제출일로부터 3년
2022.      .      .",0
52552c69-8ff2-47e1-8210-5ebf81083675,93,LIST_ITEM,2)  유지보수 계획,"2)  유지보수 계획
-  장애처리절차,  유지보수체제 등 유지보수를 위한 종합적인 방안이 제시되
어야 한다.
- -유지보수 및 프로그램 개발에 대한 전반적인 수행방안을 제시하여야 한다.
- -시스템의 최적 운영방안 및 응급처리 방안 등에 대한 상세한 장애대책을 제시하여야 한다.",1
526ec088-4cb4-4c8c-a86c-657911c5b286,24,TABLE,,"제안서 목차: 목차
작 성 내 용: ㅇ기본제안서 목차 나열",0
526fe22f-5267-4501-8bb3-4b9b784d2eff,61,LIST_ITEM,자체/고급 설계 기술을 토대로 제작된 임펠러,"자체/고급 설계 기술을 토대로 제작된 임펠러
- 정교한 설계로 최적의 안정성 및 에너지 효율 극대화
- 저진동, 저소음 실현을 통한 높은 신뢰성 확보
- 고객 맞춤형 최적 설계 구현",0
52a0a027-509c-4571-bdb9-2b2be31b2a79,31,TABLE,,"항목: DB 모델링
시스템 / 솔루션: DA#
내용: • 데이터 모델링 도구 (Meta# 연동 )",1
53fafe7b-f84c-4cec-8621-1bab336d5c2d,45,TABLE,,"요구사항 고유번호: 요구사항 분류
요구사항 고유번호: 요구사항 분류
사업관리-004: 사업관리 요구사항
사업관리-004: 사업관리 요구사항",0
54021dea-4e88-496d-836d-65660fd76b23,26,TABLE,,"요구사항 고유번호: 요구사항 명칭
사업관리-002: 품질보증 및 저작권",0
54363be5-0d18-46cb-a6e2-f4089c7d3abe,22,TABLE,,"요구사항 고유번호: 요구사항 분류
사업관리-002: 사업관리 요구사항",0
545def02-9a4e-41ff-b94b-c8f0828ee312,218,TABLE,,"Ⅰ. 사업 개요· · · · · · · · · · · · · · · · · · · · · · · · · · · · · · · · · · · · · · · · · · · · · · · · · · · · · · · · ·: 2. 사업목적 ··· ·· ·· ··· ·· ··· ·· ··· ·· ·· ··· ·· ··· ·· ··· ·· ·· ··· ·· ··· ·· ··· ··
· · · · · · · · · · · · · · · · · · · · · · · · · · · · · · · · · · · · · · · · · · · · · · · · · · · · · · 1: ··· ·· ··· ·· ··· ·· ·· ··· ·· ··· ·· ··· ·· ·· ··· ·· ··· ·· ··· ·· ·· · 1",0
55db6a55-8391-4be1-b910-ff50d6f49b63,21,TABLE,,"Model: CFM
SM2100: 824 ~ 2,089",0
569624ae-42ab-4af6-8e7f-db2a5bdfe23b,413,TEXT,ISO8573-1 Class 0의 청정 공기 공급,"ISO8573-1 Class 0의 청정 공기 공급
Oil-Free
압축 공기의 최고 품질을 인증하는 ISO8573-1 Class 0을 획득한 제품으로 반도체, 배터리 등 첨단 산업 뿐 아니라 철강, 화학, 식품 등 고신뢰성을 요구하는 산업 전반에 걸쳐 폭넓게 사용됩니다.
Page thumbnail
Icon
Logo
Page thumbnail
SA
Series
Photograph
Engineering drawing
The image is a bar chart titled ""SM Series."" The chart is divided into four distinct categories: ""SM2100,"" ""SM100 Pro,"" ""SM7100+,"" and ""SA Series."" Each category is represented by a different color, with the ""SM2100"" category being the darkest shade of blue, the ""SM100 Pro"" being the lightest shade of green, the ""SM7100+"" being the medium shade of blue, and the ""SA Series"" being the lightest shade of blue.

The x-axis represents the values of the bars, ranging from 0 to 25. The y-axis represents the values of the bars, ranging from 0 to 25. The bars are color-coded to represent the different series of the SM Series.

The bars are labeled with the names of the series, which are:
- SM2100

Bar chart

| Series           |   Pressure (bar A) |
|------------------|--------------------|
| SA Series        |                3.0 |
| SM2100           |                3.0 |
| SM100 Pro Series |                3.0 |
| SM Series        |               25.0 |
| SM7100+          |               25.0 |
1,200
45,000
유량 (m 3 /hr)",0
572030b5-293a-4414-baf5-3226c82008ae,59,TABLE,,"일반현황 및 연혁: 회 사 명
일반현황 및 연혁: 회 사 명
일반현황 및 연혁: 대 표 자
일반현황 및 연혁: 대 표 자
일반현황 및 연혁: 대 표 자",0
573e60bc-c2ff-40a6-a748-1b72cf599e97,30,TABLE,,"요구사항 고유번호: 요구사항
column_1: 명칭
사업관리-006: 비밀 및 보안유지사항",0
577671c4-8fd6-468c-90c3-f8087b201648,135,TEXT,제안서 작성 서식,"제안서 작성 서식
<서식1> : 제안서 표지
<서식2> : 일반현황 및 연혁
<서식3> : 감리 세부일정
<서식4> : 감리원 및 전문가 편성내역
<서식5> : 투입 감리원별 실적 및 경력(자격)
<서식6> : 참여인력현황
<서식7> : 비상근 감리원 참여 동의서
<서식8> : 개인정보수집 동의서
<서식9> : 보안확약서",0
57d7cc49-345e-46dc-b84b-bcb05d36a781,160,TABLE,,"요구사항 고유번호: 요구 사항 상세 설명
요구사항 고유번호: 세부 내용
사업지원-001:  목표 - 본 사업과 데이터 분석의 이해도를 높이기 위한 사전 교육 시행 - 시스템 구축 후 사용률을 높이기 위한 사용자 교육 - 본 시스템 운영관리를 위한 시스템 관리자 교육  데이터 분석에 대한 주제 선정, 가설 도출 등을 위해 사업 착수 직 후 사전 기본 지식에 대한 교육을 진행  시스템 구축 후 사용자들에 대한 사용자 교육(오프라인) 및 사용 자 메뉴얼도 함께 제공.  시스템 구축 및 개발, 설치 등에 대한 기술서 메뉴얼과 함께 구축 진행 중 기술교육도 수시로 병행.",1
597ae1aa-e562-4449-9057-37eb2b5a11c4,150,TABLE,,"Model: Dimension (L x W x H)
SM3100 Pro: 3,210 x 2,150 x 1,920
SM4100 Pro: 3,800 x 2,300 x 2,050
SM5100 Pro: 4,750 x 2,490 x 2,130
SM6100 Pro: 5,290 x 2,400 x 2,420
SM7100 Pro: 5,700 x 2,800 x 2,950",0
59c801d2-8061-4bfa-af8f-8368867ee8ba,31,TABLE,,"산출물종류: 시정조치확인보고서
제출시기: 조치내역 확인 요청후 5일 이내",1
59cf61f2-bf41-4c51-84c9-f5d2a0571f27,75,TABLE,,"구 분: 감리 수행 (40)
평가 항목: 감리일정 및 절차 (10)
평 가 요 소: ㆍ각 단계별 시정조치확인에 투입되는 감리인력, 기간, 수행방법 등을 구체적으로, 적정하게 제시하였는지 여부
배 점: 5",0
5a3f48ef-850f-4c1c-904d-0272a03365bf,168,LIST_ITEM,m 사업 수행 시,"m 사업 수행 시
- 계약업체는 보안인식 강화를 위해 주기적으로 자체 보안교육을 실시해야 하며, 연구원 이 요구하는 보안교육에 참석하여야 한다.
- 사업 참여인원은 용역업체가 임의로 교체할 수 없으며, 신상변동(해외여행 포함) 사항 발생 시 발주부서에 즉시 보고하여야 한다.
- 용역사업과 관련한 보안관리 책임은 용역업체 대표에게 있으며, 대표는 용역사업 전반의 보안업무를 수행하는'보안관리 책임자'를 지정하여야 한다.
- 보안관리 책임자는 용역사업과 관련된 인원 ߶ 장비 ߶ 자료 및 하도급업체의 보안관리 전반 을 총괄한다.",1
5a4c4c78-c401-45c9-b597-8ac4852adf63,33,TABLE,,"요구사항 고유번호: 요구사항 분류
요구사항 고유번호: 요구사항 분류
사업관리-005: 사업관리 요구사항",0
5a9ff579-5b1c-4bc5-9d62-165251328d78,26,TABLE,,"Model: Discharge Pressure
Model: bar A
SM2100: 5.0 ~ 11.4",0
5b327679-db88-4ec2-961c-9a5e5f7bc650,218,TABLE,,"Ⅰ. 사업 개요· · · · · · · · · · · · · · · · · · · · · · · · · · · · · · · · · · · · · · · · · · · · · · · · · · · · · · · · ·: 2. 공통사항 ··· ·· ··· ·· ·· ··· ·· ··· ·· ··· ·· ··· ·· ·· ··· ·· ··· ·· ··· ·· ··· ·· ··
· · · · · · · · · · · · · · · · · · · · · · · · · · · · · · · · · · · · · · · · · · · · · · · · · · · · · · 1: ··· ·· ··· ·· ··· ·· ··· ·· ·· ··· ·· ··· ·· ··· ·· ··· ·· ·· ··· ·· ··· 20",0
5bc17e0f-61ad-48d8-865c-92a490956afb,112,TABLE,,"요구사항 고유번호: 요구 사항 상세 설명
요구사항 고유번호: 세부 내용
기능요구-001:  머신러닝 기반 데이터 분석 기법과 도구(Software)는 향후 지속적 인 활용을 고려하여 제안하며, 시스템 환경에 대한 유연한 지원과 대응을 할 수 있는 기술을 제안하고 반영하도록 함.  데이터 분석 운영에 대하여 체계적이고 효율적으로 운영할 수 있 도록 설계함.",1
5bc7bf7e-eb33-457b-9245-117936d5de85,8,TABLE,,업무 일련번호: 1,0
5bd1134d-ffb7-4ea9-9c32-3d813cceb5bb,6,TABLE,,단계: 상주감리,0
5bed14ad-de78-4b3c-8b92-9a3203a15c45,35,TABLE,,"요구사항 고유번호: 요구 사항 상세 설명
요구사항 고유번호: 정의
기능요구-002: 예측 분석 모델 주제 선정",0
5d8f29f4-a7a4-4aff-915f-3409059f2b89,219,TABLE,,"Ⅰ. 사업 개요· · · · · · · · · · · · · · · · · · · · · · · · · · · · · · · · · · · · · · · · · · · · · · · · · · · · · · · · ·: 1. 과업내용 ··· ·· ·· ··· ·· ··· ·· ··· ·· ·· ··· ·· ··· ·· ··· ·· ·· ··· ·· ··· ·· ··· ··
· · · · · · · · · · · · · · · · · · · · · · · · · · · · · · · · · · · · · · · · · · · · · · · · · · · · · · 1: ··· ·· ··· ·· ··· ·· ·· ··· ·· ··· ·· ··· ·· ·· ··· ·· ··· ·· ··· ·· ·· · 5",0
5e86acdf-1bcc-4e5b-abdd-2f4fb9a582db,477,LIST_ITEM,2. 감리 요구사항,"2. 감리 요구사항
- 1) 시스템 구조의 적정성
- 시스템 업무 특성 수용 여부
- 사용자 중심의 시스템 아키텍처 여부
- 2) 시스템 장애 복구 기능의 적정성
- 3) 시험운영계획 수립 및 실행의 적정성
- 4) 데이터 보호의 적정성
- 5) 종합적인 보안대책 수립 및 보안기능 구현의 적정성
- 6) 행정기관 및 공공기관 정보시스템 구축 ߳ 운영지침(행정안전부고시) 제53조 (보안약점 진단절차)에 의한 보안약점을 진단하고 그 결과를 확인한 결과서 제출
9. 마. 표준화 및 상호 운용성 분야
- 1) 시스템 표준 상호 운용성 준수 여부
- 2) 적용대상 표준 식별여부 및 적정성
- 3) 연동 대상 시스템 분석 및 자료교환 요구사항 방안의 적절성
- 4) 웹접근성 지침의 준수 여부
- 5) 정보시스템 구축·운영 기술지침의 준수여부
15. 바. SW 사업정보 관리 분야
- 1)  소프트웨어진흥법시행령제53조제1항에 따라 감리대상 사업의 사업자가
17. SW사업정보(SW사업 수행 및 실적 정보) 데이터를 작성 및 제출하도록 관리· 감독하는 역할을 수행하고 그 결과를 주관기관 담당자에게 보고하여야 함
- 2) 감리대상 사업의 사업자가 작성한 SW사업정보 데이터(기능점수 포함) 작성 항목에 대한 품질 및 오류 검증을 수행, 미흡한 부분에 대해서는 시정조치 사항을 작성하여 전달하고, 보완 여부를 최종적 으로 확인하여 주관기관에 보고하여야 함
19. 사. 시스템 설치 및 테스트
- 1) 시스템 운영에 필요한 모든 S/W(상용 S/W 포함) 설치 및 기능 확인
- 2) 구축되는 시스템의 안정화를 위한 테스트 방안 확인
22. 아. 기타",1
5f2da863-896d-4345-b53e-1b0e9cd35ce8,219,TABLE,,"Ⅰ. 사업 개요· · · · · · · · · · · · · · · · · · · · · · · · · · · · · · · · · · · · · · · · · · · · · · · · · · · · · · · · ·: 1. 제안자격 ··· ·· ··· ·· ·· ··· ·· ··· ·· ··· ·· ··· ·· ·· ··· ·· ··· ·· ··· ·· ··· ·· ··
· · · · · · · · · · · · · · · · · · · · · · · · · · · · · · · · · · · · · · · · · · · · · · · · · · · · · · 1: ··· ·· ··· ·· ··· ·· ··· ·· ·· ··· ·· ··· ·· ··· ·· ··· ·· ·· ··· ·· ··· 12",0
601e5d01-f161-42cf-aa67-1149e1f804c3,176,LIST_ITEM,1.  제안 자격,"1.  제안 자격
- 1)  「국가를 당사자로 하는 계약에 관한 법률」시행령 제12조 및 동법 시행규칙
2. 제14조 규정에 따라 경쟁 입찰 참가자격을 갖춘 자
- 2)  「국가를 당사자로 하는 계약에 관한 법률」 제76조에 해당하지 않는 업체(부
4. 정당업자의 입찰참가자격 제한)
- 3) 제안 대상 사업의 수행이 가능한 법인으로 아래 각 호를 충족하는 업체 -소프트웨어산업진흥법에 의한 소프트웨어사업자(컴퓨터관련서비스사업)로
6. 등록되어 있는 업체
7. -위 제안요청상의 유사사업 실적을 보유한 업체",0
60617e3f-6ca6-4c61-8868-b6c1a6511e71,51,TABLE,,"Ⅰ. 사업안내: 2. 기술
Ⅰ. 사업안내: 부문······················································································································· 7",0
60690f72-7c31-45a3-8ecd-587c2dc92c04,108,TABLE,,"지원 부문 (10): 지원 부문 (10)
기타 지원사항 등 (10): 기타 지원사항 등 (10)
ㆍ감리수행절차 또는 감리보고서 품질향상을 위해 감리법인 차원에서 체계적인 교육훈련 또는 품질관리 등을 수행하고 있는지 여부: ㆍ시험ㆍ진단 또는 점검을 체계적으로 수행하기 위한 자동화 도구 및 기법 등을 적정하게 제안하였는지 여부
3: 3",0
61f3c623-c236-4f96-8520-1f894fe5c22e,63,TABLE,,"항목: 운영 서버
시스템 / 솔루션: IR정보시스템 운영서버
내용: • Intel Xeon 2.1GHz 8Core X 2ea, 128GB RAM • HDD 600 GB X 2ea, Windows Server 2019",1
621c3a0a-100a-43f7-b2ac-69c9bdbbc19d,98,LIST_ITEM,3)  시스템 시험 및 운영방안,"3)  시스템 시험 및 운영방안
-  테스트 단계별로 수행방법, 절차, 참여 조직 및 역할, 점검사항, 최종 검수 기준,  점검  후  조치  방안  및  대량자료  테스트  수행방안  등을  세부적으로 기술하여야 한다.
-  시스템의 안정화 관리운용에 관한 전반적인 방안을 제시하여야 한다.",1
62bf84f2-874a-4827-b52f-201775904733,8,TABLE,,구 분: 수석감리원,0
62df9610-f7c6-4b12-8362-af5699daa3ae,85,TEXT,Introduction to Hanwha Power,"Introduction to Hanwha Power
한화파워 는 가스터빈 엔진 분야에서 장기간 축적한 신뢰성 높은 기술과 경험을 바탕으로 1997년 산업용 에너지 장비 시장에  진출, 전 세계 9,000대 이상의 판매 실적을 보유한 글로벌 기업으로 성장하였습니다. 각종 산업의 제조 공정에 사용되는 공기압축기를",0
64f3577d-8edf-41d3-8b06-97afea47006e,4,PICTURE,Specifications,"Specifications
Engineering drawing",0
65097876-679a-48cc-9621-1af379b6948d,12,PICTURE,Dependable Products Lineup,"Dependable Products Lineup
Logo
100 %",0
65103b5b-0cd7-42a0-912e-8dcb84b6057f,16,TABLE,,제안서 목차: Ⅴ. 감리일정 및 절차,0
65374a70-8846-4714-8fdd-decb964cef7e,25,TABLE,,"Ⅰ. 사업안내: Ⅲ. 사업 추진 내용
Ⅰ. 사업안내: Ⅲ. 사업 추진 내용",0
674d6e3c-4eb8-4373-8dcd-e8456b9a0ab9,56,TABLE,,"항목: 텍스트데이터 형태소 분석
시스템 / 솔루션: 형태소 분석환경 개발
내용: • MariaDB/Sqoop/Hadoop( 택스트 형태소 분석 ) • 형태소 추출 데이터 워드 카운트 기반 시각화",1
67985e9f-9d9a-4fbc-828e-56f4d5787762,454,LIST_ITEM,Specifications,"Specifications
- 고객 니즈를 반영한 고객맞춤형 옵션
- 옵션 선택에 따라 확장성이 우수한 기본형부터 Plug & Play가 가능한 패키지 방식까지 가능하여 고객맞춤형 솔루션을 제공
- Base Frame, Cooling Water Manifold 및 Enclosure 옵션을 추가 및 제외 가능
- Easy 피니언기어에 Tilting Pad Journal 베어링을 적용하여, 안정적인 운영 및 반영구적인 수명 보장 (사용환경에 따라 개별적으로 베어링만 교체 가능)
- 최소 공간만을 차지하는 컴팩트 디자인
- 진동 센서, 오일 히터, 오일 탱크 진공 게이지 등을 기본사양에 포함
- API 스펙을 만족시키는 4단계 Sealing 시스템을 적용하여, 누설되는 가스를 최소화
- 고효율 Inlet Guide Vane을 적용하여, 부분 부하 조절을 통한 전력소비 절감
- 고품질의 5축 기계가공 임펠러를 적용하여 최적의 안정성 및 효율을 구현
, Model = m 3 /hr. , SM2100 = 1,400 ~ 3,550. , Model = CFM. , SM2100 = 824 ~ 2,089. , Model = kW. , SM2100 = 150 ~ 335. , Model = HP. , SM2100 = 200 ~ 450. Discharge Pressure, Model = bar A. Discharge Pressure, SM2100 = 5.0 ~ 11.4. Discharge Pressure, Model = Psi A. Discharge Pressure, SM2100 = 72 ~ 165. , Model = mm. , SM2100 = 3,400 x 2,200 x 2,066. , Model = . , SM2100 = 2,360 x 1,660 x 1,770
Engineering drawing
Engineering drawing
Logo",0
679f417f-2566-42a2-b7fd-6603c134154f,34,TABLE,,"작 성 항 목: 4. 주요사업실적
작 성 방 법: 해당사업과 관련이 있는 주요 사업실적을 제시하여야 한다 .",0
67d6764d-8768-439e-bc83-d085e7857b94,45,TABLE,,"제안서 목차: 1. 단계별 감리일정
작 성 내 용: ㅇ단계별 감리일정 및 세부 감리절차 제시
비고: <서식3>",0
67f13224-b883-4b1b-b878-e5abdd4788a7,23,LIST_ITEM,Petrochemical,"Petrochemical
-  Ethylene
-  Polymers
-  EO/EG
-  Fine Chemicals",0
6a8b56ad-b544-48f7-b77b-c400a03658b5,197,TABLE,,"Ⅰ. 사업 개요· · · · · · · · · · · · · · · · · · · · · · · · · · · · · · · · · · · · · · · · · · · · · · · · · · · · · · · · ·: 2. 사업자 ·· ··· ·· ··· ·· ··· ·· ··· ·· ··· ··· ·· ··· ·· ···
· · · · · · · · · · · · · · · · · · · · · · · · · · · · · · · · · · · · · · · · · · · · · · · · · · · · · · 1: ··· ·· ··· ·· ··· ·· ··· ·· ··· ·· ··· ··· ·· ··· ·· ··· ·· ·· ··· 13",0
6a964310-54b9-4baf-8d6f-69594b7f58e2,48,TABLE,,"요구사항 고유번호: 요구 사항 상세 설명
요구사항 고유번호: 정의
사업관리-004: 산출물 관리방안
사업관리-004: 산출물 관리방안",0
6aaa3a07-c4fa-4b78-b35e-1d923b4fa195,42,TABLE,,"요구사항 고유번호: 요구사항 명칭
요구사항 고유번호: 요구사항 명칭
기능요구-005: 데이터분석에 대한 환류 시스템 개발",0
6b6b742c-2d14-417d-854f-2efc4ab41e90,344,TABLE,,"구 분: 보 통 (C급)
위 규 사 항: 1. 기관 제공 중요정책ㆍ민감 자료 관리 소홀 가. 주요 현안ㆍ보고자료를 책상위 등에 방치 나. 정책ㆍ현안자료를 휴지통ㆍ폐지함 등에 유기 또는 이면지 활용 2. 사무실 보안관리 부실 가. 캐비넷ㆍ서류함ㆍ책상 등을 개방한 채 퇴근 나. 출입키를 책상위 등에 방치 3. 보호구역 관리 소홀 가. 통제ㆍ제한구역 출입문을 개방한 채 근무 나. 보호구역내 비인가자 출입허용 등 통제 미실시 4. 전산정보 보호대책 부실 가. 휴대용저장매체를 서랍ㆍ책상 위 등에 방치한 채 퇴근 나. 카카오톡 등 비인가 PC메신저 무단 사용 다. PC를 켜 놓거나 보조기억 매체(CD, USB 등)를 꽂아 놓고 퇴근 라. 부팅ㆍ화면보호 패스워드 미부여 또는 ""1111"" 등 단순숫자 부여 마. PC 비밀번호를 모니터옆 등 외부에 노출 바. 비인가 보조기억매체 무단 사용
처 리 기 준: ◦ 위규자 및 용역업체 총괄책임자 경징계 ◦ 위규자 및 용역업체 총괄책임자 사유서 /경위서 징구 ◦- 위규자 대상 특별 보안교육 실시",0
6befb290-0aef-4323-95cb-40fba7f89d0a,33,TABLE,,"요구사항 고유번호: 요구사항 분류
요구사항 고유번호: 요구사항 분류
시스템구성-001: 시스템구성 요구사항",0
6cd1fa96-1e34-4cd6-9edc-59c031e26ec7,42,TEXT,Tianjin Office,"Tianjin Office
300385 2/F, Building 2, No.16, Weier Road, microelectronics industrial zone, Xiqing district, Tianjin City, China",0
6ce199f1-7c9f-4b29-803f-03eeb2424963,7,PICTURE,Driving Performance & Low Flow,"Driving Performance & Low Flow
Logo",0
6dae64cf-35b5-4635-bac2-b4bab41ee977,5,TABLE,,단계: DB분야,0
6daeba78-999e-4abd-8912-320afb427d61,223,LIST_ITEM,3)  가격평가,"3)  가격평가
-  평점산식에 따라 평가점수를 산출
- 4)  사업자 선정
-  제안서  평가  결과  기술능력평가  점수가  기술능력평가분야  배점한도의 85% 이상인 자를 협상적격자로 선정
-  기술평가점수(80%)와 가격평가점수(20%)를 합산하여 최고득점자를 우선협 상대상자로 선정
-  협상순서는 종합평가 점수의 고득점 순에 의하여 결정
-  우선협상  대상자와  가격 및  지원조건  등을  협상하고  협상  결렬시 차순위 업체와 동일한 조건으로 협상함
-  협상이 성립된 때에는 다른 협상 적격자와의 협상은 실시하지 않음
-  모든 협상적격자와 협상 결렬시 재공고입찰에 부칠 수 있음",0
6e2343a3-688b-4156-ad79-ea616d5e2770,65,TABLE,,"작 성 항 목: Ⅰ . 제안개요
작 성 방 법: 제안사는 해당사업의 제안요청 내용을 명확하게 이해하고 본 제안의 목적 , 범위 , 전제조건 및 제안의 특징 및 장점을 요약 하여 기술하여야 한다 .
비: 고",0
6eaeb1f3-6e76-43b1-b87f-b0575ba3b500,41,TABLE,,"제안서 목차: 제안서 표지
작 성 내 용: ㅇ제안서 표지 참조 작성(정성적 평가 자료)
비고: <서식1>",0
6ecc51d7-5f58-4d59-a8ad-d345151def8e,247,TEXT,Smart Care Service,"Smart Care Service
안정적인 유지관리와 장비 운영에 집중할 수 있도록 한화 의 고품질 순정부품과 우수한 기술력을 더한 신속 & 스마트 케어 서비스를 제공합니다.
The image is a webpage that is mainly in a white background with a gradient of orange and white. The webpage is titled ""RUSH 112 Worldwide"" and is written in both English and Korean. The main content of the webpage is a section titled ""Smart Care"" with a subheading ""RUSH 112 Worldwide.""

The main content of the webpage is divided into two main sections:

1. **Top Section:**
   - The top section contains a large orange circle with the text ""RUSH 112 Worldwide"" in white.
   - Below the circle, there is a smaller orange circle with the text ""RUSH 112 Worldwide"" in white.
   - The text is in a sans-serif font, and the background is a gradient of orange and white.

2. **Middle Section:**
   - The middle section contains a large orange circle with the text ""RUSH 112

Flow chart
Flow chart",0
71ee2ef3-c455-4afd-a113-0da229699407,211,TABLE,,"Ⅰ. 사업 개요· · · · · · · · · · · · · · · · · · · · · · · · · · · · · · · · · · · · · · · · · · · · · · · · · · · · · · · · ·: 3. 제안서 제출 ··· ·· ··· ·· ··· ·· ··· ·· ·· ··· ·· ··· ·· ··· ·· ··· ·· ··· ·· ···
· · · · · · · · · · · · · · · · · · · · · · · · · · · · · · · · · · · · · · · · · · · · · · · · · · · · · · 1: ··· ·· ··· ·· ··· ·· ··· ·· ··· ·· ·· ··· ·· ··· ·· ··· ·· ··· ·· ··· 14",0
727abbcb-ea42-4a02-bc1b-d93c92e34ede,79,TABLE,,"제안서 목차: 2. 단계별 시정조치 확인 방안
작 성 내 용: ㅇ감리 수행시기별 인력투입 계획 및 투입인력 이력 제시 * 자격증(사본), 감리원 등급, 경력증명서(원본)
비고: <서식4> <서식5>",0
733b5c11-174e-4695-a5f1-1719d0c86c5f,30,TABLE,,"산출물종류: 감리업무일지
제출시기: 단계 감리종료회의 후 10일 이내",1
73c3a46b-c84d-44e4-be99-21ea54540c38,111,TABLE,,"지원 부문 (10): 지원 부문 (10)
기타 지원사항 등 (10): 기타 지원사항 등 (10)
ㆍ감리수행절차 또는 감리보고서 품질향상을 위해 감리법인 차원에서 체계적인 교육훈련 또는 품질관리 등을 수행하고 있는지 여부: ㆍ기타 발주자가 제안요청한 사항(감리범위 및 인력투입 등)에 대하여 적정하게 제안하였는지 여부
3: 4",0
74d79a5c-bcb4-4b00-9e7c-8b7bd246d7a5,198,LIST_ITEM,사업 착수 시,"사업 착수 시
- 용역 참여인원 및 계약업체 대표자는 '정보누출' 금지조항 및 친필서명이 들어간 보안서약서를 제출하여야 한다.
- 계약업체는 연구원이 실시하는 용역사업 수행 전 용역업체 보안교육에 참석하고 이 를 충실히 이행하여야 한다.
- 교육내용에는 법적 또는 연구원 규정에 따른 비밀유지의무 준수, 위반 시 처벌내 용, 누출금지 대상정보 및 누출 시 부정당업자 제재조치 등을 포함한다.
- 연구원 사업담당자가 착수 단계(용역사업 개시 후 1개월 이내)에서 직접 참여 인력에 대 해 보안 교육 시행 후 증빙자료(서명, 관련 사진 등)를 보관하고 계약업체는 관련 사 항을 충실히 지원·수행하여야 한다.",1
752d9faf-432b-4b76-97b6-d17b43734636,151,LIST_ITEM,2)  보안 및 개인정보보호 방안,"2)  보안 및 개인정보보호 방안
-  시스템 보안성 확보방안과 개인정보보호 대책을 제시하여야 한다.
-  사업추진  시  침입,  자료  분실,  도난  등에  따른  보안대책을  마련하여야  한 다.
-  사업  참여인원  및  내부자료  유출  방지를  위한  보안관리  대책을  기술하여 야 한다.
-  정보통신시스템 및 내 ․ 외부 망에 대한 보안관리 및 각종 산출물에 대한 보 안관리 대책을 제시하여야 한다.",1
76d64c3e-08d9-4574-9eab-5ce2af8ae4ac,51,TABLE,,"요구사항 고유번호: 요구사항 명칭
요구사항 고유번호: 요구사항 명칭
사업관리-004: 산출물 관리방안
사업관리-004: 산출물 관리방안",0
7729091a-9dc0-4c21-bb0b-05f86c503466,51,LIST_ITEM,Steel/Metal,"Steel/Metal
-  Steel Mills
-  Non-Ferrous Plants(AI, Copper, Nickel, etc)
-  Air Separation
-  Fertilizers
-  PTA
-  PDH
Logo
Engineering drawing",0
786420ab-648c-473f-854d-e06329717905,42,TABLE,,"요구사항 고유번호: 요구 사항 상세 설명
요구사항 고유번호: 정의
기능요구-005: 데이터 분석에 대한 결과를 기구축된 시스템에 반영",0
78acb471-c8c0-49eb-91c5-104c69d1470d,485,TABLE,Specifications,"Specifications
Capacity, Model = m 3 /hr. Capacity, Model = m 3 /hr. Capacity, SA2100 = 1,200-2,890. Capacity, SA3100 = 3,750-5,500. Capacity, Model = CFM. Capacity, Model = CFM. Capacity, SA2100 = 700-1,680. Capacity, SA3100 = 2,200-3,250. , Model = kW. , Model = kW. , SA2100 = 150-260. , SA3100 = 400-580. , Model = HP. , Model = HP. , SA2100 = 200-350. , SA3100 = 540-780. Discharge Pressure, Model = bar A. Discharge Pressure, Model = bar A. Discharge Pressure, SA2100 = 3.5-11.4. Discharge Pressure, SA3100 = 3.5-11. Discharge Pressure, Model = Psi A. Discharge Pressure, Model = Psi A. Discharge Pressure, SA2100 = 50-165. Discharge Pressure, SA3100 = 50-160. Dimension (L x W x H), Model = mm. Dimension (L x W x H), Model = Compressor. Dimension (L x W x H), SA2100 = 3,000x2,500x1,900. Dimension (L x W x H), SA3100 = 4,650 x 2,050 x 1,990. Dimension (L x W x H), Model = mm. Dimension (L x W x H), Model = Cooler. Dimension (L x W x H), SA2100 = -. Dimension (L x W x H), SA3100 = 4,420 x 2,110 x 2,290
SA2100

Engineering drawing
SA3100

Engineering drawing",0
7903688f-56e7-4713-b509-d474c0c36531,362,LIST_ITEM,■ 자료에 대한 보안관리,"■ 자료에 대한 보안관리
- m 계약서 등에 명시한 누출금지 대상정보를 제공받을 경우 발주부서의 '자료 인계·인수 대장' 에 인수자가 직접 서명한 후 자료를 인수해야 한다.
- m 발주부서가 계약업체에 제공한 내부 자료는 복사 ߳ 외부반출을 금지하며, 내부자료 중 비공개 자료는 매일 퇴근 시 발주부서에 반납토록 하며, 비밀문서를 제외한 일반문서는 시건장치가 된 보관함에 보관하여야 한다.
- m 용역사업 수행 중 생산된 모든 산출물은 발주 부서의 파일서버에 저장하거나 발주부서 담당자가 지정한 PC에 저장 ߶ 관리하여야 한다.
- m 업무상 필요에 의해 부득이하게 외부에서 전자우편 등으로 연구원과 자료 송수신이 필요한 경우에는 첨부자료 암호화 등의 보안대책을 마련하여 수발신해야 한다. 다만, 연구원 보안업무규정에 의한 대외비 이상의 비밀자료는 전자우편으로 수 ߶ 발신을 금지한다.
- m 계약업체는 인터넷 이용 시 접속이 제한된 사이트 및 인터넷 파일공유사이트 등에 접속을 시도하여서는 아니 되며, 사업수행 관련 자료는 웹하드 등 인터넷 자료공유 사이트 및 개인 메일함에 저장을 금지한다.
- m 사업수행으로 생산되는 산출물 및 기록은 발주부서장의 허가없이 무단 제공 ߶ 대여 ߶ 열람을 금지한다.",1
798aa708-a336-4bf4-9ebe-0ca5baacb126,37,TABLE,,"Model: HP
Model: HP
SA2100: 200-350
SA3100: 540-780",0
7a015fdf-cf83-4a04-b11a-baec7f29f433,50,TABLE,,"Ⅰ. 사업안내: 3. 제안서 평가와
Ⅰ. 사업안내: 협상, 낙찰자 결정·········································································· 18",0
7a270f01-968d-4a77-93fa-969becc842e0,22,TABLE,,"요구사항 고유번호: 요구사항 분류
사업지원-003: 사업관리 요구사항",0
7c94d9a1-87d5-4fec-8319-2b1802218955,178,TABLE,,"구 분: 심 각 (A급)
위 규 사 항: 1. 비밀 및 대외비 급 정보 유출 및 유출시도 가. 정보시스템에 대한 구조, 데이터베이스 등의 정보 유출 나. 개인정보·신상정보 목록 유출 다. 비공개 항공사진·공간정보 등 비공개 정보 유출 2. 정보시스템에 대한 불법적 행위 가. 관련 시스템에 대한 해킹 및 해킹시도 나. 시스템 구축 결과물에 대한 외부 유출 다. 시스템 내 인위적인 악성코드 유포
처 리 기 준: ◦- 사업참여 제한 ◦ 위규자 및 용역업체 총괄책임자 중징계 ◦- 재발 방지를 위한 조치계획 제출 ◦- 위규자 대상 특별 보안교육 실시",0
7cf1067c-9bc4-4e8e-be0a-92b90180956a,155,TABLE,,"요구사항 고유번호: 요구 사항 상세 설명
요구사항 고유번호: 세부 내용
시스템구성-001:  본 사업은 H/W 구축과는 별도이며, 데이터 분석을 위한 머신러닝 과 분석기법은 오픈소스 기반으로 구축하는 것을 원칙으로 하되, 보다 효율적인 분석을 위한 도구들이 있을 경우 제안할 수 있음 .  단, 유료 도구(Software)인 경우 향후 유지 운영을 위한 라이선스 비용과 유지보수 등을 삼육대학교와 합의하에 도입하도록 함.  서버는 삼육대학교가 제공하는 서버를 활용하여 그 기반하에 구 축함.",1
7d3a13bf-b948-47cc-8a3f-62231548714a,35,LIST_ITEM,4)  향후 시스템 발전방향,"4)  향후 시스템 발전방향
-  본  시스템과 관련 향후 발전방향에 대해 제시할 방안이 있다면 그 내용을 기술한다.",1
7d4d3fa3-e235-4f9a-bffa-36145a454ff0,22,TABLE,,"요구사항 고유번호: 요구사항 명칭
사업관리-001: 사업관리 일반",0
7d6caa21-d2fa-44bb-bd8b-8a6740efe20a,28,TABLE,,"Model: Power
Model: kW
SM7100 +: 2,300 ~ 4,000",0
7d7c5d84-9c9a-4971-9cf9-68af68ee3f7b,38,TABLE,,"일반현황 및 연혁: 사업자 신고분야
일반현황 및 연혁: 사업자 신고분야
일반현황 및 연혁: 인증기관",0
7e7b719c-1606-4765-a405-0fe153de5528,30,TABLE,,"Model: mm
SM2100: 3,400 x 2,200 x 2,066",0
7f14def8-ea7e-4e10-975b-49f1e0f89dfa,115,LIST_ITEM,"고객 맞춤형 고성능, 고신뢰성 터보 압축기","고객 맞춤형 고성능, 고신뢰성 터보 압축기
- 자체 설계 기술로 고효율 달성, 에너지 절감
- API, ASME, PED, KOSHA 등 다양한 국제 규격 사양 부합
- 100% Oil Free 솔루션 제공 (ISO8573-1 Class 0)
- 간단한 구조로 설치/유지 보수 편리성 제공
- 특정 사용자 요구에 따른 압축 공기 시스템 일체 등 맞춤형 솔루션 제공",0
7ff8588c-589e-491a-a481-894660a21642,44,TABLE,,"요구사항 고유번호: 요구 사항 상세 설명
요구사항 고유번호: 세부 내용
사업관리-004: 산출물 종류
사업관리-004: 제출 형태",0
807d807a-5b8c-4316-8a00-f1c33ae92ded,13,TABLE,,점검 항목 주1): 진도관리의 적절성,0
8090a82b-1f49-46e4-a1ec-05c24c15ffc9,8,TABLE,,구분: 인원(명),0
818c310b-ef61-45ed-bad4-92d50f69587a,69,TABLE,,"구 분: 감리 수행 (40)
평가 항목: 점검내용 (20)
평 가 요 소: ㆍ도출된 위험요소 및 예상문제점을 반영하여 단계별로 점검 사항을 적정하게 도출ㆍ제시하였는지 여부
배 점: 10",0
841dcb02-b590-47df-97e0-6e2edbe07c0f,63,LIST_ITEM,4)  보고 및 검토계획,"4)  보고 및 검토계획
-  제안사는 과업 수행 일정에 맞추어 주요사항을 감독자와 협의하고 추진내 용은 주간보고 및 월간 보고를 원칙으로 하며, 감독자의 요청이 있을 경우
- 별도로 보고하여야 한다.",1
842895f5-e566-4d44-a467-be99390c1bb4,6,TABLE,,감리원: 3,0
8484692d-3204-4d18-8e7f-82abe5a5cd98,115,LIST_ITEM,1. 감리사업 개요,"1. 감리사업 개요
- 가. 사 업 명 : 차세대 정보시스템 ERP 재구축 사업 감리용역
- 나. 감리방법 : 3단계 감리(요구정의, 설계, 종료 단계)
- 다. 사업예산 : 250,000,000원(부가세 포함)
- 라. 사업기간 : 계약일로부터 본사업 종료일(약 16개월)까지
- ※ 단, 감리대상 사업 종료 일자에 따라 변경 가능",0
84ef06f8-3398-45a5-bb3c-83fb82f12230,137,TABLE,,"Ⅰ. 사업 개요· · · · · · · · · · · · · · · · · · · · · · · · · · · · · · · · · · · · · · · · · · · · · · · · · · · · · · · · ·: 5. 감리기준 및 방법
· · · · · · · · · · · · · · · · · · · · · · · · · · · · · · · · · · · · · · · · · · · · · · · · · · · · · · 1: ................................................................................................2",0
8545250c-bf03-49bb-b7de-bc2d35136640,33,TABLE,,"추진내용: 환류 시스템 개발
추진 일정: ●●
추진 일정: ●●●●
추진 일정: ●●●",0
85a81843-81df-4a6e-a8c0-90e1aabc07ea,499,LIST_ITEM,1. 과업내용,"1. 과업내용
- 가. 감리계약 체결 및 감리사업수행계획서 제출
- 1) 감리법인은 발주기관과 감리용역 계약을 체결
- 2) 감리법인은 계약체결 후 10일 이내에 감리사업수행계획서를 '감리발주
- 관리 가이드 부록의 서식'을 참조ㆍ작성하여 주관기관에 제출
- 나. 예비조사, 감리계획 수립 및 통보
- 1) 감리법인은 예비조사를 실시하여 해당 과제의 단계별 감리계획서를 정보시스템
- 감리수행 가이드의 해당 서식을 참조하여 작성 후 감리 착수 전에 제출
- 2) 단계별 감리 시 이전단계 감리지적사항에 대한 시정조치 결과가 조치중 이거나 미반영 사항이 있을 경우 이를 확인하여 감리대상항목에 포함
- 다. 감리 착수회의 개최
- 1) 감리법인은 주관기관, 사업자 등의 관련 당사자들이 참석하는 착수회의를 개최
- 2) 착수회의 시 업무수행 내용
- 투입 감리원 및 감리일정 소개
- 감리 중점 검토사항에 대한 설명 및 주관기관, 사업자와의 협의, 조정
- 감리 대상사업에 대한 소개, 사업자 감리 대응인력 확인 및 대상 사업의
- 현황 파악, 감리장소 확보 등 환경 협의
- 3) 착수회의 시 개략적인 현황을 파악하고 상세내역은 감리를 수행하는
- 과정에서 관련 문서 검토 및 담당자와의 면담 등을 통하여 파악
※ 회의는 발주기관의 판단에 따라 온라인, 서면 등 비대면 방식으로 실시될 수 있음 라. 현장감리 실시
- 1) 현장감리 기간 동안 모든 감리원은 업무일과 시간의 100%를 상주하여 감리
2. 업무를 수행해야 함. 단, 참여율이 100%가 아닌 감리원의 경우에는 예외로 함
3. ※ 감리원의 투입에 대한 사항은 감리업무일지를 작성하여 제출",1
85ab25e7-34d8-4f0b-9d16-29bb718398d0,76,TABLE,,"교육종류: 기본교육
교육내용: -߳ 소프트웨어 개발보안 제도 ߳ 기준 -߳ 소프트웨어 보안약점 진단 ߳ 제거기술 등 -߳ 진단 수행능력의 배양을 위한 교육
교육시기: 진단원 자격을 취득하고자 하는 경우
교육시간: 40시간",1
85acc8b2-cc77-4161-90b3-446cd01fbff3,120,LIST_ITEM,6.  제안서 등록,"6.  제안서 등록
- m
- 제출기한 : 입찰공고 참조
- m
- 제 출 처 : 입찰공고 참조
- m 제출부수
- -제안서 및 제안서 요약서 각 10부(원본 1부, 사본 9부)와 동 내용이 모두
- 수록된 CD 또는 USB메모리 2매 포함
-  제안업체 일반현황 및 연혁, 주요사업실적, 참여인력 이력사항 각 1부",0
86739a32-f0e2-496b-bdab-d8649ec3040e,222,TABLE,,"Ⅰ. 사업 개요· · · · · · · · · · · · · · · · · · · · · · · · · · · · · · · · · · · · · · · · · · · · · · · · · · · · · · · · ·: 4. 감리원 ··· ·· ·· ··· ·· ··· ·· ··· ·· ·· ··· ·· ··· ·· ··· ·· ·· ··· ·· ··· ·· ··· ·· ·· ···
· · · · · · · · · · · · · · · · · · · · · · · · · · · · · · · · · · · · · · · · · · · · · · · · · · · · · · 1: ·· ··· ·· ··· ·· ·· ··· ·· ··· ·· ··· ·· ·· ··· ·· ··· ·· ··· ·· ·· ··· 15",0
86f53c7b-9471-4c3c-a4b0-63a5d16fc513,32,TABLE,,"요구사항 고유번호: 요구 사항 상세 설명
요구사항 고유번호: 정의
사업지원-002: 기술지원 요건",0
8797135c-38d9-4389-984c-cf51e9a5cfab,150,TABLE,,"요구사항 고유번호: 요구 사항 상세 설명 정의 세부 내용
기능요구-003: 운영중인 정보시스템의 데이터와 추가 수집 대상 데이터 검토  정밀한 분석을 위하여 수집되고 있는 데이터 선정 및 웹크롤러 은 공공기관에서 제공하는 API를 통한 데이터 수집이 필요한지를 검토하여 선정함  보유된 데이터 외의 외부에서 수집해야 할 경우, 웹크롤러와 API 를 통한 데이터 추출에 대한 기술적 제안 (파이썬과 같은 오픈소스 개발환경으로 웹크롤링 및 공공기관 공 API를 통한 데이터 추출을 기 구축된 ETL 시스템과 연동하여",1
879c658a-fd29-48d2-a8a7-a2b5994b8b1f,69,TABLE,,"Model: Discharge Pressure
Model: Psi A
SM3000: 50 ~ 364
SM4000: 50 ~ 364
SM5000: 50 ~ 364
SM6000: 50 ~ 364",0
883d2c9a-62a6-4fc2-8bab-61cb240bf21f,43,TABLE,,"요구사항 고유번호: 요구사항 명칭
요구사항 고유번호: 요구사항 명칭
기능요구-006: 데이터 시각화 및 대시보드 개발",0
890cf819-4042-45cd-b27b-5c9239de372f,27,TABLE,,"Model: m 3 /hr
SM2100: 1,400 ~ 3,550",0
8944062b-d0b3-4db2-8ba5-f0fef1573e1a,57,TABLE,,"세부과제: 분석주제 및 대상 선정
목표: 예측분석을 하고자 하는 대상 선정 및 관련 데이 터 선별
추진내용: • 예측분석모델을 위한 구체적 주제 선정 • 분석 대상 데이터 선정 및 검증",1
899c5e52-8845-4f8d-a12b-ab47de8b8260,217,TABLE,,"Ⅰ. 사업 개요· · · · · · · · · · · · · · · · · · · · · · · · · · · · · · · · · · · · · · · · · · · · · · · · · · · · · · · · ·: 3. 보안사항 ··· ·· ··· ·· ·· ··· ·· ··· ·· ··· ·· ··· ·· ·· ··· ·· ··· ·· ··· ·· ··· ·· ··
· · · · · · · · · · · · · · · · · · · · · · · · · · · · · · · · · · · · · · · · · · · · · · · · · · · · · · 1: ··· ·· ··· ·· ··· ·· ··· ·· ·· ··· ·· ··· ·· ··· ·· ··· ·· ·· ··· ·· ··· 10",0
89bf9892-a85a-4f9b-81c7-d646bfdecb6b,45,TEXT,<서식8>,"<서식8>
회사명 :
대표이사  성명                           직인
성명, 1 = 서명. 성명, 2 = 성명. 성명, 3 = 서명",0
8bbfcd7c-b2a2-4b17-9fc7-5871669b1656,83,TABLE,,"세부과제: 데이터분석 모델 개발
목표: 교육의 질 개선 및 학업 성취도 향상
추진내용: • 가설 도출 및 검증 • 가설에 따른 데이터 수집 및 패턴분석 • 데이터 패턴분석에 따른 예측분석 • 예측분석을 통하여 학생지도 및 학습법 개 선 및 중도이탈 방지",1
8d42851b-8614-4c17-8dba-f2834af01b76,492,LIST_ITEM,4.  일반 사항,"4.  일반 사항
- 1)  제안서  상에  허위사실이 발견된 업체와 계약을 체결하지 않거나 계약을 해
2. 지할 수 있으며, 이에 따른 민 ․ 형사상의 책임을 물을 수 있다.
- 2)  제안사는 사업수행과정에서 발생하는 안전사고 및 이에 따른 보상 등 제반
4. 사항에 대하여 모든 책임을 진다.
- 3)  제안사가 사업수행과정에서 취득한 정보는 어떠한 경우에도 제 3자에게 누 설하여서는 안 되며, 본 사업과 관련된 제반자료에 대하여 삼육대학교가 지 정하는 자에게만 열람시킬 수 있고, 사업완료 즉시 제반자료를 제출 하여야 한다.
- 4)  제안사는 계약의 기본방침에 대해 변동 없이 계약내용의 사업항목을 변경함 으로써 삼육대학교에 유리하다고 판단될 경우에는 계약내용에 대한 변경을 제안할 수 있으며 이 경우 삼육대학교의 승인을 받아야 한다.
- 5)  제안사는 본 용역 결과물에 대한 지적재산권, 저작권, 사용권 또는 특허등의 분쟁 발생시 일체의 책임을 져야 한다.
- 6)  당해  계약에  따른  계약  목적물에  대한  지적재산권의  귀속은  삼육대학교의 소유로 하고, 계약당사자는 삼육대학교의 계약목적과 관련되어 당해 계약목 적물을 사용(기능개선, 재개발, 유지보수등)함에 있어서는 어떠한 제한을 하 여서도 안된다.
- 7)  본  계약내용에  규정되지  않은  사항으로 계약이행과정에서 발생하는 분쟁은 삼육대학교와 제안사의 합의에 의하여 해결하도록 하며 합의가 이루어지지 않을 경우 삼육대학교의 해석이 우선한다.
- 8)  제출된 제안서는 일체 반환하지 않으며, 본 제안과 관련된 일체 소요비용은
입찰참가자가 부담한다.",0
8d51646b-e098-4e21-a65e-e18a9808f19f,8,TABLE,,구 분: 인원(명),0
8d786a62-8b46-44ea-bbf5-1230322ef562,37,TABLE,,"Model: kW
Model: kW
SA2100: 150-260
SA3100: 400-580",0
8e17f95a-b425-4aee-b90f-bb40c684adc5,48,TABLE,,"구분: 사업지원 요구사항
ID 부여 규칙: 사업지원 -000
설명: 사업진행시 교육 , 기술 , 유지보수 방안 에 대한 요구사항
요구사항 개수: 3",0
8e83b3bf-3aba-4c90-98a1-00ceaf0353f5,316,LIST_ITEM,5.  제안시 전제조건,"5.  제안시 전제조건
- 1)  본  사업  수행과정에서 법 ․ 제도의 변경, 정부의 정책변경 등 현저한 사업 환 경 변화가 있을 경우 사업이 변경 또는 중지, 취소될 수 있다. 이 경우, 계 약이전의 변경사항에 대하여는 계약 협상 시에 반영하여 계약토록 하고 계
2. 약 후 발생되는 변경사항은 변경 일을 기준으로 정산토록 한다.
- 2)  제안사는 본 용역 결과물에 대한 발생하는 지적재산권, 저작권, 사용권 또는 특허 등의 분쟁발생시 일체의 책임을 져야 한다.
- 3)  당해 계약에 따른 계약목적물에 대한 지적재산권의 귀속(공동소유를 포함)은 계약당사자가 상호 협의하여 결정하며, 계약상대자는 발주기관이 계약목적 과 관련되어 당해 계약목적물을 사용(기능개선, 재재발,유지보수 등)함에 있 어서는 어떠한 제한을 하여서도 아니된다.
- 4)  제안사의  제안내용에 대한 확인, 검증이 필요한 경우 제안 사(社)에 입증자 료를 요구할 수 있으며, 입증자료를 제출하지 못할 경우 동 제안내용은 없
6. 음으로 간주한다.",0
8fcfcb43-740c-4f22-9db9-dfd9ff754dd2,52,TABLE,,"Ⅰ. 사업안내: 1. 제안
Ⅰ. 사업안내: 자격···················································································································· 18",0
9012b669-f4a7-4107-b535-8d5d6e819967,234,TABLE,,"요구사항 고유번호: 요구 설명
column_1: 세부 내용
사업관리-006: 수립하여 제시.  제안참여업체는 입찰과정 및 제안참가 과정에서 취득한 정보와 계약의 이행과정에서 취득한 각종 정보를 삼육대학교의 사전 승 인 없이 제3자에게 누설하여서는 아니 됨.  본 제안요청서 및 제안서의 전체 또는 일부가 제안서 제출 외의 다른 목적으로 사용하여서는 아니 됨.  정보 누출 관련 부정당업자 제재 기준 - 본 사업 구축 등의 계약을 이행하는 과정에서 정보를 무단 유출한 경우 정보 누출 1회시 1개월, 2회 이상 3개월 부정당업체로 제재 를 함(국가계약법 시행령 76조).  국가, 공공기관 발주용역에 따른 보안관리(국정원) 요령에 의거 해 당사항을 준수하여야 함.",1
9092919a-ecd7-40b2-805c-dd7fd7130063,70,TABLE,,"Model: Dimension (L x W x H)
Model: mm
Model: Compressor
SA2100: 3,000x2,500x1,900
SA3100: 4,650 x 2,050 x 1,990",0
911825c3-553c-47aa-81c3-e3e5d2292aa6,23,TABLE,,"Ⅰ. 사업안내: V. 사업자 선정
Ⅰ. 사업안내: V. 사업자 선정",0
91610ccd-de95-4720-be12-2a9f6d37b96c,40,TABLE,,"작 성 항 목: 2. 보안 및 개인정보보호 방안
작 성 방 법: 시스템 보안성 확보방안과 개인정보보호 대책을 제시하여야 함",0
920f7611-c80f-48dd-a2ca-8492ef727821,47,TABLE,,"Model: Capacity
Model: CFM
Model: CFM
SA2100: 700-1,680
SA3100: 2,200-3,250",0
95ce5720-7faa-4e08-8eab-6137473cab34,226,PICTURE,Specifications,"Specifications
Engineering drawing
- 고정밀 AGMA 12 & 13 기어 시스템으로 소음 감소와 긴 수명 보장
- 개별 교체가 가능한 피니언 및 불기어 적용으로 유지보수 용이
- 17-4 PH 스테인리스 스틸 재질의 Master Impeller
- 5축 기계가공 고효율 임펠러로 넓은 Turndown 영역 (API672 규격)
- 고품질의 분할식 Tilting Pad 저널 베어링 적용으로 안정적 운영 (피니언기어)
- Sleeve Journal, Taper Landed 베어링 적용으로 마찰 손실 최소화
- RTD 적용 가능한 베어링 (SA3100 옵션)
- API 규격을 만족하는 Sealing 시스템
- 별도의 Sealing용 압축공기 불필요하며, 완벽하게 공기 및 오일 누설 방지
- 분할방식 채택으로 로터 분리없이 점검 및 유지 보수 가능",0
9614a959-0de2-40dc-81af-8fd72dbed19f,43,TABLE,,"구분: 시스템구성 요구사항
ID 부여 규칙: 시스템구성 -000
설명: 구축시스템에 대한 아키텍처에 대한 요구사항
요구사항 개수: 2",0
961c1557-364e-440c-bfaa-81256cef3fa4,208,TABLE,,"Ⅰ. 사업 개요· · · · · · · · · · · · · · · · · · · · · · · · · · · · · · · · · · · · · · · · · · · · · · · · · · · · · · · · ·: [ 붙임 1] 일반 첨부 및 별표 양식 ·· ·· ·· ··· ·· ·· ·· ·· ·· ·· ··
· · · · · · · · · · · · · · · · · · · · · · · · · · · · · · · · · · · · · · · · · · · · · · · · · · · · · · 1: ·· ·· ·· ·· ·· ··· ·· ·· ·· ·· ·· ·· ·· ·· ·· ·· ·· ·· ··· ·· ·· ·· ·· ·· 26",0
96298d16-5c73-43c3-b3b9-c8e2261001d9,166,TABLE,,"요구사항 고유번호: 요구 사항 상세 설명
요구사항 고유번호: 세부 내용
사업관리-004: - 사업수행계획서 - 정기 보고서(착수, 주간, 구축 단계별 등) - 요구분석서 - 분석 모델 설계서 - 시스템 아키텍처 구성도 - 데이터 추출/분류 명세서 - 테스트 결과 보고서 - 솔루션 설치 기술서(별도 솔루션 납품시) - 사용자/관리자 매뉴얼 - 전체 프로그램 소스 - 완료검수 보고서
사업관리-004: - 제출부수 2부 (동일문서파일도 함께 제출) - 소스코드 - 솔루션인 경우 해당 제조사에서 제공하 는 메뉴얼",1
9650cc3d-25d7-4e4a-bf0e-acbedd1f928d,35,TABLE,,"요구사항 고유번호: 요구사항 분류
요구사항 고유번호: 요구사항 분류
기능요구-005: 환류시스템 개발",0
966c1b64-63aa-479a-acb9-45756191a114,218,LIST_ITEM,4. 감리원,"4. 감리원
- 가. 감리원 편성
- 1) 감리원의 편성은 다음 사항을 준수 하여함
- 참여감리원은 총괄감리원을 포함하여 해당 감리법인의 상근감리원이
- 2분의 1 이상이어야 함
- 총괄감리원은 해당 감리법인의 상근감리원 중 실제 감리에 투입된 기간이
- 1년 이상인 수석감리원으로서 적절한 능력과 경험이 있는 자로 투입하여야 함
- 비상근 감리원은 제안 시 감리참여동의서를 제출하여야 함
- 참여감리원은 기 수행중인 타 감리의 일정 또는 제안 중인 타사업과의 일정과
- 중복되어서는 안됨(예비조사, 현장감리 수행 일정 기준)
- 상주감리가 포함된 경우 상주감리원은 감리기준 제5조제5항의 요건을 갖추어야 함",1
96d9a3a2-2e91-4a05-814a-d8a981be7d34,53,TABLE,,"Model: Dimension (L x W x H)
Model: mm
Model: Cooler
SA2100: -
SA3100: 4,420 x 2,110 x 2,290",0
97f87f58-4728-4562-9b54-347af5bc42f7,205,TABLE,,"Ⅰ. 사업 개요· · · · · · · · · · · · · · · · · · · · · · · · · · · · · · · · · · · · · · · · · · · · · · · · · · · · · · · · ·: 5. 제안서 작성요령 ··· ·· ··· ·· ··· ·· ··· ·· ··· ·· ··· ··· ·· ··· ·· ···
· · · · · · · · · · · · · · · · · · · · · · · · · · · · · · · · · · · · · · · · · · · · · · · · · · · · · · 1: ··· ·· ··· ·· ··· ·· ··· ·· ··· ·· ··· ··· ·· ··· ·· ··· ·· ··· ·· ··· 15",0
98c70d17-0841-435c-b1cd-6ad4f7939e89,12,TABLE,,제안서 목차: Ⅰ. 일반현황,0
98e08ef1-c993-4e55-b803-c2b6075f902b,159,LIST_ITEM,2. 감리 요구사항,"2. 감리 요구사항
- 1) 감리중점검토 및 상세 점검항목은 정보시스템 감리기준(행정안전부 고시)에서 정한'정보시스템감리 기본점검표'를 준용, 정보(SW사업 수행 및 실적 정보) 데이터를 작성 및 제출하도록 관리·감독하는 역할을 수행하고 그 결과를 주관기관 담당자에게 보고하여야 함
- 2) 전체 연동된 정보시스템의 안정성 검토 및 장애추측 시나리오와 대책 강구
- 3) 주관기관의 지적사항에 대한 조치 지시 및 확인
- 4) 기술적용표 준수여부 확인(기술적용결과표)",1
9946a082-0462-47b2-957d-e94ace9f7d20,336,TABLE,,"구 분: 중 대 (B급)
위 규 사 항: 1. 비공개 정보 관리 소홀 가. 비공개 정보를 책상 위 등에 방치 나. 비공개 정보를 휴지통ㆍ폐지함 등에 유기 또는 이면지 활용 다. 개인정보 ߳ 신상정보 목록을 책상 위 등에 방치 라. 기타 비공개 정보에 대한 관리소홀 2. 사무실ㆍ보호구역 보안관리 허술 가. 통제구역 출입문을 개방한 채 퇴근 등 나. 인가되지 않은 작업자의 내부 시스템 접근 다. 통제구역 내 장비·시설 등 무단 사진촬영 3. 전산정보 보호대책 부실 가. 업무망 인터넷망 혼용사용, 보안 USB 사용규정 위반 나. 웹하드·P2P 등 인터넷 자료공유사이트를 활용하여 용 역사업 관련 자료 수발신 다. 개발·유지보수 시 원격작업 사용 라. 저장된 비공개 정보 패스워드 미부여 마. 인터넷망 연결 PC 하드디스크에 비공개 정보를 저장 바. 외부용 PC를 업무망에 무단 연결 사용 사. 보안관련 프로그램 강제 삭제 아. 사용자 계정관리 미흡 및 오남용(시스템 불법접근 시도 등)
처 리 기 준: ◦ 위규자 및 용역업체 총괄책임자 중징계 ◦- 재발 방지를 위한 조치계획 제출 ◦- 위규자 대상 특별 보안교육 실시",0
99ebef65-da35-44df-94ed-585fcc4c5339,16,TABLE,,"구 분: 비중(%)
계: 100.0",0
99f428fc-e3ae-4856-87e7-76d58cbc5a6b,36,TABLE,,"요구사항 고유번호: 요구사항 분류
요구사항 고유번호: 요구사항 분류
기능요구-002: 데이터분석 방법론",0
9a7c68b4-c75b-48d2-8e15-51a2970d3c19,169,LIST_ITEM,나. 서류제출 및 유의사항,"나. 서류제출 및 유의사항
- 1) 추후 선정업체에 한해 주관기관이 요구하는 증빙서류를 추가 제출하여야 함 ※ 요구받은 증빙서류 미제출 시 자격 상실
- 2) 참여감리원의 감리기간이 법인자체감리수행일정, 감리일정과 중복될 경
3. 우 제안을 무효로 처리하며, 법인의 제안과제와 중복될 경우 중복되는 모 든 제안을 무효로 처리함
- 3) 제안서 제출 시 제안내용 중 허위사실이 밝혀지는 경우 제안을 무효로
5. 처리하며, 선정되었을 경우에는 선정을 취소함",0
9abc16b7-53b2-4f98-8e8a-e6fe729086c4,43,TABLE,,"Model: Dimension (L x W x H)
Model: mm S
SM7100 +: 6,201 x 3,234 x 3,816",0
9bbca46a-6524-4f0d-9365-d3bed2a64a87,11,TABLE,,작 성 항 목: Ⅲ . 기술부문,0
9c28190c-d70e-4383-ab89-1cb631c4f8e9,48,TABLE,,"Ⅰ. 사업안내: 1. 주요 과제
Ⅰ. 사업안내: 및 추진 내용····························································································· 5",0
9c3d1613-5add-4a06-bb3b-69e44cf6588b,16,TABLE,,"구 분: 비중(%)
계: 100.0",0
9cf6ad70-15f0-4042-9c78-261d24026f3a,49,TABLE,,"작 성 항 목: 1. 교육훈련계획
작 성 방 법: 사용자 , 관리자 등 시스템의 이용대상자별로 구분하여 교육내 용 , 교육기간 , 인원 등을 상세히 제시하여야 한다 .",0
9dedf2c4-62c4-4fcc-a395-a6e256280cdb,116,TABLE,,"제안서 목차: 2. 점검결과의 객관성· 타당성 확보를 위한 방안
작 성 내 용: 도구, 데이터베이스 점검도구, 네트워크/보안 점검도 구 등)에 대한 실제 적용계획과 예상결과를 구체적으 로 제시 ※ 감리 자동화 도구의 단순 소개 차원의 작성을 금지 하고, 해당 사업에 대한 감리시행시 실제 적용할 자동화 도구에 대해서만 작성하고, 추후 실제 적용되어야 함.",0
9e368696-39b9-4c1f-a8a1-fcedc12345cf,101,TABLE,,"제안서 목차: 1. 필수점검 사항에 대한 점검절차 및 방법
작 성 내 용: ㅇ주요 문제점과 점검 항목에 대해 객관적으로 점검 및 확인할 수 있는 방법 제시 ㅇ과업이행여부, 기술적용계획표 등 필수점검사항에 대 한 점검 절차 및 방법을 구체적으로 제시 ㅇ감리단계, 업무형태 등에 적합한 자동화도구(성능시험",0
9e38e5b4-09ee-4f22-bc8e-354ab44d2cb8,10,PICTURE,2021. 4.,"2021. 4.
Logo",0
a00ccb29-81fc-4c70-b773-c8818c8f306b,76,TABLE,,"구 분: 감리 인력 (50)
평가 항목: 각 분야별 감리인력 (25)
평 가 요 소: ㆍ투입 감리인력(다른 분야 전문가 포함)이 담당분야와 관련된 업무 또는 감리 수행경력 등 전문성을 갖추었는지 여부
배 점: 20",0
a05e0610-1850-4208-bb42-4f697170a6cf,220,TABLE,,"Ⅰ. 사업 개요· · · · · · · · · · · · · · · · · · · · · · · · · · · · · · · · · · · · · · · · · · · · · · · · · · · · · · · · ·: [ 붙임 2] 제안서 작성서식 ·· ·· ·· ·· ··· ·· ·· ·· ·· ·· ·· ·· ·· ·· ·· ·· ·· ··
· · · · · · · · · · · · · · · · · · · · · · · · · · · · · · · · · · · · · · · · · · · · · · · · · · · · · · 1: ·· ··· ·· ·· ·· ·· ·· ·· ·· ·· ·· ·· ·· ·· ·· ·· ·· ··· ·· ·· ·· ·· ·· ·· 37",0
a1242b63-f1db-4be1-a589-6bf97da792d8,19,TABLE,,"Model: kW
SM2100: 150 ~ 335",0
a17d9fb8-c18a-4b75-83ae-fdc0317903db,108,TABLE,,"요구사항 고유번호: 사항 상세
column_1: 정의
사업관리-006: 안전한 사업 수행을 위해 정보보안 관리 지침 준수  계약 대상자는 사업수행 과정에서 취득한 모든 정보를 일체 유출 또는 누설하여서는 안되며, 개발인력에 의한 정보유출에 대해 계 약대상자가 그 책임을 짐.  계약대상자는 사업 수행인력의 정보유출 방지를 위한 보안대책을",1
a34fa6cc-c824-48e4-972f-c5b1faa0f2ca,312,TABLE,2. 제안서 세부 평가 기준,"2. 제안서 세부 평가 기준
지원 부문 (10), 1 = 기타 지원사항 등 (10). 지원 부문 (10), 2 = ㆍ감리수행절차 또는 감리보고서 품질향상을 위해 감리법인 차원에서 체계적인 교육훈련 또는 품질관리 등을 수행하고 있는지 여부. 지원 부문 (10), 3 = 3. 지원 부문 (10), 1 = 기타 지원사항 등 (10). 지원 부문 (10), 2 = ㆍ시험ㆍ진단 또는 점검을 체계적으로 수행하기 위한 자동화 도구 및 기법 등을 적정하게 제안하였는지 여부. 지원 부문 (10), 3 = 3. 지원 부문 (10), 1 = 기타 지원사항 등 (10). 지원 부문 (10), 2 = ㆍ기타 발주자가 제안요청한 사항(감리범위 및 인력투입 등)에 대하여 적정하게 제안하였는지 여부. 지원 부문 (10), 3 = 4. 소계, 1 = . 소계, 2 = . 소계, 3 = 100
- ※ 항목별 평가요소 배점에 대하여 매우우수(100%), 우수(90%), 보통(80%), 미흡(70%), 매우미흡(60%) 비율로 평가",0
a3d31d43-efa7-43c2-8eaa-43f4c2fb34d3,60,LIST_ITEM,사용자를 위한 최적의 인터페이스 제공,"사용자를 위한 최적의 인터페이스 제공
- 사용자 위주의 편의성 제공 (고해상도 컬러 적용)
- 고객 편의를 위한 Wide Touch-Screen 적용
- 실시간 모니터링을 통한 압축기 진단 및 알람 제공 체계 구현",0
a41713b4-1b8e-4a52-9283-c3415f08cbee,358,LIST_ITEM,4. 감리원,"4. 감리원
- 감리영역별로 구분하여 전문성을 갖춘 참여감리원 제시 나. 감리원 자격 기준
- 1) 참여 감리원은 행정안전부에 등록된 감리원 또는 수석감리원이어야 함
- 2) 보안약점 진단 담당 감리원은 소프트웨어 보안약점 진단원 자격 보유
- 자이어야 함
- 다. 감리원 및 감리일정 변경
- 1) 낙찰된 이후, 감리일정 및 참여감리원의 변경은 발주기관의 사전승인
- 하에 동등하거나 그 이상의 자격을 갖춘 감리원으로 변경할 수 있음
- ※ 감리원 및 감리 일정 변경 승인 요청은 변경사유가 발생한 날이 감리착수 이전인 경우에는 감리착수 이전에 제출하여야 하며, 변경 사유가 발생한 날이 감리착수 이후인 경우에는 변경사유가 발생한 날부터 2일 이내에 제출하여야 함
- ※ 감리원 및 감리일정 변경에 대한 상세한 내용 및 절차, 제출서류 등은「한국지능정보
- 사회진흥원 위탁감리관리지침」제5조 및 '별지 제5호 서식. 감리원 변경 신청서' 참조
- ※ 위탁감리관리지침 제5조5항 4호 이외의 사유로 비상근 감리원을 변경하고자 하는 경우,
- 동급 이상의 상근 감리원으로 교체를 요구할 수 있으며, 제안사는 특별한 사유가 없는 한 이에 응해야 함",1
a4faa4cf-2baf-400c-aea4-6fbf0d8df6c6,201,TEXT,AM Solutions,"AM Solutions
운영 서비스
Icon
부품
부품 공급 부품 소모 및 고장으로 인한 부품 교체 및 배송
운영 목표
Flow chart
Icon
Icon
모니터링
유지보수

Icon
주기정비

Icon
검사 / 정비 제품 성능 문제 발견 시 적합한 솔루션 제공
장비 Life Cycle 통합 관리 위험 요인 사전 예방 및 적절한 조치로 안정적 운용
실시간 관리 서비스 모니터링을 통한 예방 정비와 운영 효율 증대
관리 체계 구축 리스크 관리 비용 절감
관리자 지정으로 빠르고 정확한 시스템
정기점검 및 진단을 통한 총체적 관리
장비 효율은 높이고 사용기간은 오래 지속
토탈 솔루션
공간 토탈 솔루션 고객이 보유한 운전설비 등 압축기 설비 총체적 관리",0
a54463a8-a1e9-440e-94f7-9a5021caed7c,25,TABLE,,"Ⅰ. 사업안내: Ⅱ. 시스템 현황
Ⅰ. 사업안내: Ⅱ. 시스템 현황",0
a702899f-c8cf-4e85-8d69-3b9e84940463,342,LIST_ITEM,1.  주요 과제 및 추진 내용,"1.  주요 과제 및 추진 내용
- 1)  기구축된  IR정보시스템을 통해 수집되어진 데이터와 그 패턴들을 기반으로 학생들의 중도탈락을 예방하기 위한 예측 모델을 비롯하여, 학업 성취나 대 학  구성원들의 정서나 관심사 등에 대한 정확한 진단을 통해 향후 대학의 정책 결정을 지원하는 데이터 분석 모델을 개발하고자 함.
- 2)  개발된  분석  모델을  기반으로  향후 확대 및 응용 할 수 있는 확장 가능한 데이터 분석 환경을 구축하며, 선정된 주제에 따라 추가적인 데이터를 수집 할 수 있도록 웹크롤링이나 API를 통한 공공데이터를 수집할 수 있도록 함.
- 3)  데이터  분석  결과에 대한 환류 체계는 운영중인 IR정보시스템(IBM Cognos Analytics  기반)에 지표현황과 대시보드를 통한 데이터 시각화를 구현하도록 하며,  그  외  삼육대학교  차세대정보시스템(SU-WINGs)에서도  분석  결과를 반영할 수 있도록 데이터 전송 규약을 정의하여 제공할 수 있도록 함.
- 4)  머신  러닝  기반의 데이터 분석을 위한 서버는 삼육대학교가 별도로 제공하 며, 오픈소스 환경으로 구축하는 것을 기본으로 하되 향후 운영과 데이터분 석의 효율성을 위해 별도의 솔루션 및 도구(Software)를 제안할 수는 있되 본 구축 사업 안에 포함시켜야 함.",1
a7a2818d-0e5e-402c-8608-6498652e8a43,108,TABLE,,"요구사항 고유번호: 요구 사항 상세 설명
요구사항 고유번호: 세부 내용
사업관리-004:  본 사업 추진과정에서 제출해야 할 산출물의 종류 및 내역을 각 구축단계별로 제출방법 및 부수와 함께 제시.
사업관리-004:  본 사업 추진과정에서 제출해야 할 산출물의 종류 및 내역을 각 구축단계별로 제출방법 및 부수와 함께 제시.",1
a7be8cf6-be45-4007-8010-511b4bd20222,12,TABLE,,점검 항목 주1): 변경관리의 적절성,0
a81f69cf-2404-43c7-883e-ea88c5bbc443,452,LIST_ITEM,Power Plant,"Power Plant
-  CCPP (Combined Cycle Power Plant)
-  Instrument Air
기반으로 Oil & Gas, Air Separation, 발전소에 사용되는 연료가스 압축기, LNG터미널 및 플랜트에 사용되는 BOG(Boil Off Gas)압축기, Cryogenic 압축기, Compander, 조선 해양용 압축기 등 풍부한 라인업을 구축하여 고부가가치화를 추진하고 있습니다.
The image is a bar chart titled ""2025."" The chart is divided into five distinct categories, each represented by a different color. The x-axis represents the years, while the y-axis represents the number of people. The bars are colored in orange and gray, with the color of each bar corresponding to the corresponding year.

### Description of the Bar Chart:
1. **1st Bar**:
   - The first bar is colored gray.
   - The number of people in the first category is 1,000.

2. **2nd Bar**:
   - The second bar is colored gray.
   - The number of people in the second category is 500.

3. **3rd Bar**:
   - The third bar is colored gray.
   - The number of people in the third category is 3,000.

4. **4th Bar**:
   - The fourth bar is colored gray.
   -

Bar chart

|   Year | Rank   |   Value |
|--------|--------|---------|
|   1998 | 1st    |       1 |
|   2005 | 500th  |       2 |
|   2007 | 1000th |       3 |
|   2012 | 3000th |       4 |
|   2018 | 5000th |       5 |
|   2022 | 7000th |       6 |
|   2025 | 9000th |       7 |",0
a90ad9db-156a-4914-af88-7558c7485bc4,98,TABLE,,"년차: 3년차(2021년)
사업 내용: Ÿ IR정보시스템 고도화 Ÿ 머신러닝 기반으로 수집된 데이터들의 패턴 분석을 통한 예측모델 개발 - 중도탈락 예방을 위한 위험군 예측 모델 개발 - 학업성취도에 관한 데이터 분석 모델 및 학습개선 모델 개발 Ÿ 분석 결과에 대한 환류 시스템 개발 Ÿ 주요 지표에 대한 데이터 시각화",1
a91346e5-9a46-4336-9d71-b339afa0c67e,407,LIST_ITEM,2. 감리 요구사항,"2. 감리 요구사항
- 위험요소에 대한 개선방향 제시
- 쟁점사항에 대한 기술검토 지원 및 의견 조율
- 2) 형상관리
- 형상항목과 버전 식별을 위한 기준 및 절차의 적정성
- 형상항목에 대한 변경과 통제의 체계적인 관리 여부 등
- 3) 품질관리
- 품질계획수립 및 품질 보증 활동의 적정성
- 산출물 품질 검토
- 개발방법론, 프로젝트 표준 준수 및 산출물 관리 등
- 나. 응용시스템
- 1) 업무 분석 및 사용자 요구사항 도출ㆍ분석의 적정성
- 2) 응용 아키텍처 구성 설계의 적정성
- 3) 프로세스ㆍ이벤트 모델의 적정성
- 4) 응용프로그램 기능정의 및 사용자 인터페이스 설계의 적정성
- 5) 각 단위 응용시스템 검증 및 확인
- 6) 시험ㆍ피드백의 적정성
- 다. 데이터베이스 분야
- 1) 데이터베이스 모델링의 적정성
- 2) 데이터베이스 설계 표준 설정 및 준수의 적정성
- 3) 응용시스템의 기능과 연계된 데이터의 무결성 검증방안과 결과의 적정성
- 4) 데이터베이스 최적화 및 성능 개선을 위한 활동의 적정성
- 5) 기존 데이터베이스 전환 및 이행의 적정성과 충분성
- 6) 데이터베이스 품질관리체계, 진단 및 개선사항 제시
- 7) DB성능 최적화를 위한 SQL 튜닝, 성능개선 활동의 적정성
- 8) 데이터베이스 백업 및 복구 방안의 적정성
- 라. 시스템 구조 및 보안",1
a95a6ca7-dee1-4a95-8458-2bc22a4f6b4f,254,TEXT,보안각서,"보안각서
본인은    년   월  일부터     년  월  일까지 한국자동차연구원에서 수행하는 ' 차세대정보시스템 ERP 재구축 사업 ' 감리 용역을 수행함에 있어 다음 사항을 준수할 것을 각서로서 제출합니다 .
- 가. 본 용역의 과업 수행 전에 반드시 참여자 전원을 상대로 보안교육을 실시하겠음
- 나. 본 용역 계약을 통하여 얻은 정보 또는 국가의 기밀사항을 계약이행의 전후를 막론하고 외부에 누설하지 않겠음.
- 다. 본 용역을 수행함에 있어 발생하는 제반 문제점, 이에 대한 해소방안 등을 문서로서 작성 비치하고 귀부의 제출요구가 있을 시 이에 응하겠음.
- 라. 본 용역과 관련 본인 또는 참여인력이 본 용역 계약을 통하여 얻은 정보 또는 국가기밀사항을 외부에 누설시켜 문제를 야기 시켰을 경우 누설 자는 보안관계 제 법규에 의거 처벌 받음은 물론 본 회사에 대하여 어떠한 제재조치를 취하여도 이의를 제기하지 않겠음.",0
a9767045-8ec4-4153-9e49-a6c5c2c83a22,70,TABLE,,"감리원: 자격증 명
감리원: 자격증 명
column_2: 발급처
column_3: 구분 (국가자격 또는
담당분야: 구분 (국가자격 또는
column_5: 관련 분야
column_6: 관련 분야
column_7: 관련 분야",0
a9801f94-3e53-4e1d-90d0-65b4397596c3,96,TABLE,,"요구사항 고유번호: 요구 사항 상세 설명
요구사항 고유번호: 세부 내용
사업관리-003:  일정지연, 품질저하 등 Risk 발생을 사전예방하고 발생시 사후 대 처 방안 제시.  프로젝트 수행과정에서 요구되는 진척/위험/변경사항의 관리방안 및 지속적으로 문제를 파악 관리할 수 있는 방안 제시.",1
a9e0d8b6-7de8-41b4-96ed-a004cbe9213e,45,TABLE,,"제안서 목차: 2. 자동화 도구 및 기법
작 성 내 용: 품질관리 수행내용 제시 ㅇ감리지침 또는 기준을 적용하여 감리관점의 일관성",0
aa888991-5f45-4237-9779-e3966355f1de,26,PICTURE,2)  세부  수행 작업,"2)  세부  수행 작업
In this image there is a table with some text and images.

Flow chart",0
ab34e3a2-ac00-4f3a-9142-4faa522b74f6,31,TABLE,,"작 성 항 목: 2. 기타 지원사항
작 성 방 법: 본 사업과 관련 지원가능한 사항에 대한 내용을 기술한다 .",0
ab651728-bfb5-4a84-8a4d-2b686fd262a3,33,TABLE,,"요구사항 고유번호: 요구 사항 상세 설명
요구사항 고유번호: 정의
기능요구-001: 공통 사항",0
abf88c0f-2138-4c72-a424-db420c96e2f9,108,LIST_ITEM,3. 제안서 제출,"3. 제안서 제출
- (1) 제출서류, 제출기한, 장소 및 방법 : '입찰공고문' 참조
- 입찰 및 계약담당자 : 총무구매자산실 김진용선임(041-559-3027)
- (2) 제안서 작성 등 관련 문의처
- 사업담당자 : 정보전산실 이창호책임(041-559-3036)",0
ac8cfa31-6c3e-4181-bd38-323898821ecd,22,LIST_ITEM,Oil & Gas,"Oil & Gas
-  Instrument Air
-  API 617 & API 672",0
acb85c69-08b7-4baa-880c-806a44ac63f8,35,TABLE,,"제안서 목차: 2. 수행조직
작 성 내 용: ㅇ제안사 감리 수행 조직 및 지원조직(역할 기술)",0
af182d83-fa83-4607-a0d2-efb6c93edf89,31,TABLE,,"요구사항: 요구사항 명칭
고유번호: 요구사항 명칭
시스템구성-002: 시스템 운영관리의 효율성",0
affaa03a-170a-4cb8-a8c9-8193d15adf9c,68,LIST_ITEM,라. 가격평가,"라. 가격평가
- 1)「조달청 협상에 의한 계약 제안서 평가 세부기준」등 관련 규정에 따름 마. 협상
- 1) 기술협상 및 가격협상 : (계약예규)협상에 의한 계약기준 등 관련 규정을 준용",0
b0aa1a2f-7d42-4203-a81d-0c22777e718f,313,TABLE,Features,"Features
 364. Dimension (L x W x H), Model = mm. Dimension (L x W x H), SM3000 = 4,750 x 2,100 x 2,500. Dimension (L x W x H), SM4000 = 5,100 x 2,250 x 2,500. Dimension (L x W x H), SM5000 = 5,450 x 2,250 x 2,500. Dimension (L x W x H), SM6000 = 6,200 x 2,300 x 2,550. Dimension (L x W x H), Model = mm. Dimension (L x W x H), SM3000 = 3,150 x 1,980 x 2,100. Dimension (L x W x H), SM4000 = 3,780 x 2,080 x 2,130. Dimension (L x W x H), SM5000 = 3,960 x 2,100 x 2,350. Dimension (L x W x H), SM6000 = 4,480 x 2,220 x 2,520
Engineering drawing",0
b0c71bcd-d42d-4116-87ff-e5673d835dc7,102,LIST_ITEM,3. 추진근거,"3. 추진근거
- 가. 관계법령
- 전자정부법제57조, 동법시행령제71조
- 나. 행정기관 및 공공기관 정보시스템 구축ㆍ운영 지침(행정안전부 고시)
- 다. 정보시스템 감리기준(행정안전부 고시)
- 라. 정보시스템 감리 발주ㆍ관리 가이드(한국지능정보사회진흥원)",0
b0e4b752-fbef-4e86-ab5e-92af17b0ae82,32,TABLE,,"요구사항 고유번호: 요구 사항 상세 설명
요구사항 고유번호: 정의
사업관리-003: Risk 관리 방안",0
b0fdfc4c-8db7-4fc2-b13b-0a37f491abc3,28,TABLE,,"요구사항: 요구 사항 상세 설명
고유번호: 정의
시스템구성-002: 시스템 관리자에 대한 운영 환경",0
b1ee7d51-457d-4e75-b4e5-fae060579004,401,LIST_ITEM,History,"History
-   1977 회사설립
-   1979 항공기 가스터빈엔진 창 정비 사업 개시
-   1996 산업용 가스터빈 개발
-   1997 산업용 공기압축기 사업 시작
-   2011 가스압축기 시장 진출
-   2013 세계 최대 공랭식 터보압축기(SA3100) 출시
-   2014 선박용 압축기 시장 진출 세계 최초 해상 VRU(증기회수용) 터보압축기 공급 계약 체결
-   2016 사우디 아람코 승인벤더 등록(API 617 프로세스 압축기 & 블로워)
-   2018 친환경, 고효율 에너지솔루션 감압발전기(TEG) 출시
-   2020 KOGAS 복합에너지공급허브에 수소충전시스템 공급 계약 체결
-   2021 sCO2 발전시스템 DOE(에너지부) 국책과제 수주 및 달성
-   2022 sCO2 발전시스템 글로벌 R&D100 수상 에틸렌 압축기 및 CO2 압축기 시장 진입
-   2023 세계최초 수소터빈 전소 실증 성공
-   2024 174K급 LNGC 선박용 재액화 시스템
(Nitrogen Re-liquefaction System) 기술 승인(ADNOC)
-   2025 Baker Hughes와의 암모니아 가스터빈 공동개발 계약(JDCA) 공기 압축기 신제품 출시(SM100 Pro)
-   2026 한화파워 로 사명 변경",0
b2db1579-6aeb-4d4e-bd3d-25ff8037c820,28,TABLE,,"추진내용: 예측분석 모델 검증
추진 일정: ●●●●
추진 일정: ●●●",0
b352a65c-a7a2-429e-921e-0020ce048389,24,TABLE,,"단계: 단계
수행활동: 예비조사
수행절차: 감리계획 수립",0
b355e61f-c7ca-4263-bd1a-75db29092b2f,125,TABLE,,"감리원: ● 보유 자격 현황 : 총 개
감리원: ● 보유 자격 현황 : 총 개
column_2: ● 보유 자격 현황 : 총 개
column_3: ● 보유 자격 현황 : 총 개
담당분야: ● 보유 자격 현황 : 총 개
column_5: ● 보유 자격 현황 : 총 개
column_6: ● 보유 자격 현황 : 총 개
column_7: ● 보유 자격 현황 : 총 개
column_8: ● 보유 자격 현황 : 총 개",0
b3abced5-cf3c-46e0-8bcb-1530338adab2,25,TABLE,,"Ⅰ. 사업안내: IV. 제안 요구사항
Ⅰ. 사업안내: IV. 제안 요구사항",0
b3d4bd81-b245-4159-a067-8ae3a5c3fcff,139,TABLE,,"Ⅰ. 사업 개요· · · · · · · · · · · · · · · · · · · · · · · · · · · · · · · · · · · · · · · · · · · · · · · · · · · · · · · · ·: Ⅱ. 제안요청 사항·
· · · · · · · · · · · · · · · · · · · · · · · · · · · · · · · · · · · · · · · · · · · · · · · · · · · · · · 1: · · · · · · · 5",0
b425cbcc-b992-4935-83fa-bf9aabd1044e,125,TABLE,,"요구사항 고유번호: 요구 사항 상세 설명
요구사항 고유번호: 세부 내용
기능요구-004:  데이터 분석 기법을 통하여 분석 주제에 대한 분석 모델 개발 방 법론 제시  향후 삼육대학교에서 운영할 수 있도록 체계화된 분석 도구 개발 및 제공  R/파이썬과 같은 오픈소스 기반 분석기법 반영을 기본으로 하되, 제안사가 보다 효율적이고 생산성을 높일 수 있는 도구가 필요할 경우 제안할 수 있음",1
b49644e4-b0be-44a0-ba12-d79278c88715,30,TABLE,,"요구사항 고유번호: 요구사항
요구사항 고유번호: 분류
사업지원-001: 사업관리 요구사항",0
b49f80f6-9d1c-43d8-bc51-75567fa9d64d,417,TABLE,5. 감리기준 및 방법,"5. 감리기준 및 방법
감리대상 사업비 보정금액, 1 = 10억 미만. 감리대상 사업비 보정금액, 2 = 10억 이상 20억 미만. 감리대상 사업비 보정금액, 3 = 20억 이상 30억 미만. 감리대상 사업비 보정금액, 4 = 30억 이상 50억 미만. 감리대상 사업비 보정금액, 5 = 50억 이상 100억 미만. 감리대상 사업비 보정금액, 6 = 100억 이상. 최소 감리기간, 1 = 5일. 최소 감리기간, 2 = 6일. 최소 감리기간, 3 = 7일. 최소 감리기간, 4 = 8일. 최소 감리기간, 5 = 9일. 최소 감리기간, 6 = 10일
- 마. 감리횟수 : 각 단계별(요구정의, 설계, 종료 단계) 최소 현장 감리 7일 이상 실 시하며 사전조사, 감리결과 시정조치 확인 등을 제외한 단계감리의 순 수 현장 감리에 소요되는 최소 감리 기간(단, 주말 및 공휴일 제외) 단, 요구정의단계 감리는 최소감리기간을 5일 이상으로 제시 가능 바. 감리 대상사업의 구축단계별 예상 완료시기(RFP 기준)
- ※ 요구정의단계 감리('23.3월 예정), 설계단계 감리('23.9월 예정), 종료단계 감리('24.5월초 예정)
(현장감리 시작일 기준 -ߢ 본 감리 대상 사업 일정을 고려하여 해당 단계 기 간 내에서 업체가 자율적으로 시작일 제안 가능)",0
b4c573cb-adc2-4bf1-8ee9-9ff93bc1964d,49,TABLE,,"Ⅰ. 사업안내: 5. 상세
Ⅰ. 사업안내: 요구사항············································································································ 11",0
b64a6414-8549-4fe6-8c8f-f94d683d2bd5,466,LIST_ITEM,2. 공통사항,"2. 공통사항
- 검토사항에 포함하고, 자동화평가도구와 전문가 진단을 실시하여 진단
리포트를 종료단계 감리수행 결과보고서 내에 포함하여 제출
- (보안약점 진단) 감리대상 사업에 소프트웨어 개발이 포함되어 있을 경우, 소프트웨어 보안약점 제거 여부를 행정기관 및 공공기관 정보시스템 구 축·운영 지침에 따른 진단도구를 사용하여 확인하고 그 결과를 종료단계 감리시 감리수행 결과보고서 내에 포함하여 제출
※ 행정기관 및 공공기관 정보시스템 구축·운영 지침 제53조(보안약점 진단절차) 등 참고
- 주관기관의 '사업관리 적절성'을 아래 항목별로 점검하여 종료단계 감 리보고서에 포함
점검 항목 주1), 1 = 등급 주2). 진도관리의 적절성, 1 = . 위험관리의 적절성, 1 = . 변경관리의 적절성, 1 = . 품질관리의 적절성, 1 = 
주1) 각 항목은 주관기관이 행하는 사업관리 활동의 적절성을 의미하며, 판단의 기준은 아래 참고
- 진도관리의 적절성 : 사업추진체계를 구성하였고, 정기적인 점검 등을 통해 계획된 일정 및 범위 내에서 사업이 추진되도록 적절히 진도관리 활동을 수행하였는가?
- 위험관리의 적절성 : 사업추진 중에 발생한 문제점이나 위험요인에 대해 올바로 인지하고 적절한 대책을 수립 ߶ 시행하였는가?
- 변경관리의 적절성 : 사업일정 ߶ 범위 등의 변경으로 이어질 수 있는 사업시행 상 변경요인에 대해 적절한 대책을 수립하고 정해진 절차에 따라 시행하였는가?
- 품질관리의 적절성 : 사업내용에 적시한 결과물의 내용이 충족될 수 있도록 품질관리를 위한 적절한 대책을 수립 ߶ 시행하였는가?",1
b71b5b5b-c390-445d-b944-66ab15a36563,38,TABLE,,"요구사항 고유번호: 요구사항 명칭
요구사항 고유번호: 요구사항 명칭
기능요구-002: 데이터분석 방법론",0
b75c9282-b482-4532-b65f-525cf1778759,191,TABLE,,"Ⅰ. 사업 개요· · · · · · · · · · · · · · · · · · · · · · · · · · · · · · · · · · · · · · · · · · · · · · · · · · · · · · · · ·: 3. 제안서 목차 및 작성 내용 ··· ··· ·· ··· ··· ·· ··· ··· ··
· · · · · · · · · · · · · · · · · · · · · · · · · · · · · · · · · · · · · · · · · · · · · · · · · · · · · · 1: ··· ··· ··· ·· ··· ··· ·· ··· ··· ·· ··· ··· ··· ·· ··· ··· ·· ··· ··· 21",0
b77436cc-934e-4c2a-852f-c08247f8eedc,8,TABLE,,구 분: 총괄감리원,0
b7a7558c-13cf-4c59-ab82-658c6436226a,218,TABLE,,"Ⅰ. 사업 개요· · · · · · · · · · · · · · · · · · · · · · · · · · · · · · · · · · · · · · · · · · · · · · · · · · · · · · · · ·: 6. 유의사항 ··· ·· ··· ·· ·· ··· ·· ··· ·· ··· ·· ··· ·· ·· ··· ·· ··· ·· ··· ·· ··· ·· ··
· · · · · · · · · · · · · · · · · · · · · · · · · · · · · · · · · · · · · · · · · · · · · · · · · · · · · · 1: ··· ·· ··· ·· ··· ·· ··· ·· ·· ··· ·· ··· ·· ··· ·· ··· ·· ·· ··· ·· ··· 16",0
b7b35de6-3057-428a-b79a-0f620b5b07ca,33,TABLE,,"작 성 항 목: 다 . 기술적용 계획
작 성 방 법: 기술적용 계획 ( 머신러닝 , 데이터 분석 처리 프로세스 등",0
b7b4214b-ea7e-429f-9c84-5df069f7210b,35,TABLE,,"요구사항 고유번호: 요구사항 명칭
요구사항 고유번호: 요구사항 명칭
사업지원-002: 기술지원 요건",0
b7f54869-c812-4099-8098-34269066234b,84,TABLE,,"제안서 목차: 4. 참여감리원 사업경험
작 성 내 용: ㅇ참여감리원 유사분야 사업참여 실적(최근3년) ㆍ유사분야 사업에 참여감리원으로 감리에 참여한 실적 ㆍ참여감리원의 업무적/기술적 경력 기술
비고: <서식5>",0
b83e2548-7a56-41e2-a429-c2f962ef233f,67,TABLE,,"구 분: 감리 수행 (40)
평가 항목: 점검방법 (10)
평 가 요 소: ㆍ과업이행여부, 기술적용계획표 등 필수점검사항에 대한 점검 방법을 구체적으로 제시하였는지 여부
배 점: 5",0
b90b932d-e21c-4130-968e-db912874bc25,31,TABLE,,"요구사항 고유번호: 요구사항
요구사항 고유번호: 명칭
사업지원-001: 교육지원 요구사항",0
bb42741d-2916-42bd-a854-2c343786149a,214,LIST_ITEM,2.  사업목적,"2.  사업목적
- 1)  4차산업혁명  시대의  정보기술의  중심인  데이터를  기반으로  학생의 교육과 지도관리에 보다 정확한 정보를 활용하여 교육의 질을 높이고자 함.
- 2)  기구축된 IR정보시스템을 통해 수집된 다양한 데이터들을 활용하여 기존의
- 현황  관리를  넘어서  학업  및  학생지도를  위한  예측분석  모델을  개발하고, 이를 기반으로한 진단을 통해 교육의 질을 개선하고자 함.
- 3)  보다  신뢰성이  높은  데이터를  기반으로  학업  성취도  및  학생지도를  하여 학업에 대한 성취도와 만족도를 높이고, 이에 대한 결과를 다시 분석 및 환 류 시스템에 반영하여 지속적인 교육환경의 개선을 이끌어 내는데 본 사업 의 목적이 있음.",1
bb7441d6-ec7a-4662-b090-f29c454b9cc7,497,LIST_ITEM,5.  상세 요구사항,"5.  상세 요구사항
- 1)  사업관리 수행 요구사항
요구사항 명칭, 사업관리-001 = 사업관리 일반. 요구사항 분류, 사업관리-001 = 사업관리 요구사항. 요구 사항 상세 설명 정의 세부 내용, 사업관리-001 = 사업관리 일반  본 사업을 수행할 등)을 제시  업무협의 및 진도보고 - 계약자는 과업 수행 고 추진내용은 주간보고를 경우 별도로 보고 - 주간보고서에는 중 수행할 과업 내용을  본 사업에 인력투입계획의
요구사항 명칭, 사업관리-002 = 품질보증 및 저작권. 요구사항 분류, 사업관리-002 = 사업관리 요구사항. 요구 사항 상세 설명 정의 세부 내용, 사업관리-002 = 품질보증 및 저작권에 관한 사항  제안사는 체계적이고 효과적인 품질보증에 관한 검토 평가를 수행해야 조정기준, 조정내용, 조정사유 등을 여야 함.  당해 계약에 따른 계약 목적물에 발주기관이 소유하며, 세부 사항은 대상자는 발주기관이 계약목적과 용(기능개선, 재개발, 유지보수 등)함에 하여서도 아니 됨(단, 본 사업이전부터
요구사항 명칭, 요구사항 고유번호 = 요구사항 명칭. 요구사항 명칭, 사업관리-003 = Risk 관리 방안. 요구사항 분류, 요구사항 고유번호 = 요구사항 분류. 요구사항 분류, 사업관리-003 = 사업관리 요구사항. 요구 사항 상세 설명, 요구사항 고유번호 = 정의. 요구 사항 상세 설명, 사업관리-003 = Risk 관리 방안. 요구 사항 상세 설명, 요구사항 고유번호 = 세부 내용. 요구 사항 상세 설명, 사업관리-003 =  일정지연, 품질저하 등 Risk 발생을 사전예방하고 발생시 사후 대 처 방안 제시.  프로젝트 수행과정에서 요구되는 진척/위험/변경사항의 관리방안 및 지속적으로 문제를 파악 관리할 수 있는 방안 제시.",1
bb79715a-b451-4281-b9c4-89868dc186ec,12,TABLE,,점검 항목 주1): 품질관리의 적절성,0
bbd3d282-9d8f-45fe-899f-d9e9c0831f53,115,TABLE,,"요구사항 고유번호: 요구 사항 상세 설명
요구사항 고유번호: 세부 내용
사업지원-002:  시스템의 최적 운영방안 및 응급처리 방안 등에 대한 상세한 장애 대응 대책 제시.  제안사는 프로젝트 수행과정과 관련된 필요한 기술이전 대상에 대한 목록과 시스템 운영요원의 안정적인 운영을 위한 기술이전 방안 등에 대한 계획 제시.  향후 시스템 확장 및 기능 향상을 위한 상세 기술 지원 계획 제시",1
bbf25e5e-180e-4eb5-887e-e88dc91c8b19,311,TABLE,감리원 및 전문가 편성내역,"감리원 및 전문가 편성내역
감리 단계, 1 = 감리분야. 감리 단계, 2 = 소속 및 상근여부. 감리 단계, 3 = 감리원명. 감리 단계, 4 = 감리원 번호. 감리 단계, 5 = 구분. 감리 단계, 6 = 현장감리 투입율. 감리 단계, 7 = 유사 감리 및 경력, 자격 요약
감리팀 구성의 특징 및 차별성
1. 기준일자 : 입찰공고일 기준으로 작성, 투입감리원 전체 명시(비상주 포함)
2. 감리단계 : 제안요청서상의 현장감리 각 단계를 명기하고 역할란에 세부 수행분야 기재
3. 구분 항목에는 총괄감리원, 수석감리원, 감리원, 전문가를 구분하여 기재
4. 유사 감리 및 경력, 자격 요약은 해당 감리원이 본 사업의 감리원으로 적합함을 나타내기 위한 사항을 요약하여 기술(상세 내용은 감리원 실적 및 경력 서식에 기술)
5. 상근여부는 상근/비상근 감리원 표시, 감리원증 번호 항목에는 감리원증 번호 기재
6. ※ 제안된 인력은 본 사업에 반드시 참여하여야 함",0
bc6b12a9-1f44-4bdb-b3a8-29a832632617,45,TABLE,,"구분: 기능 요구사항
ID 부여 규칙: 기능요구 -000
설명: 구축 시스템에 대한 세부적인 기능들 에 대한 요구사항
요구사항 개수: 11",0
bc988bb9-b877-4790-b11c-d22b98de7032,159,TABLE,,"일반현황 및 연혁: 1. 2. 3. . .
일반현황 및 연혁: 1. 2. 3. . .
일반현황 및 연혁: 1. 2. 3. . .
일반현황 및 연혁: 1. 2. 3. . .
일반현황 및 연혁: 1. 2. 3. . .
일반현황 및 연혁: 1. 2. 3. . .
일반현황 및 연혁: 1. 2. 3. . .
일반현황 및 연혁: 1. 2. 3. . .",0
bce86f9b-b35e-4a7c-8e72-68e12e284293,170,TEXT,Vietnam Office,"Vietnam Office
6F, Star Tower, Cau Giay new urban area, Duong Dinh Nghe Street, Yen Hoa Ward, Cau Giay District, Hanoi, Vietnam Tel 	 +84.24.3201.2450
- Americas
Houston, USA
580 Westlake Park Blvd, Suite 500, Houston TX 77079, USA
- Tel 	 +1.281.599.3377 ext.204
- Middle East Abu Dhabi, UAE PO BOX 33586, Plot #35-WR43, ICAD 3 Musaffah South, Abu Dhabi, UAE
Tel 	 +971.2.627.0151",0
bcf904a4-92ed-470c-9588-4b2d0b05de7d,68,LIST_ITEM,4. 감리대상 사업 개요,"4. 감리대상 사업 개요
- 가. 사 업 명 : 차세대 정보시스템 ERP 재구축
- 나. 사업기간 : 계약체결일로부터 17개월
- 다. 사업금액 : 2,700,000,000원(부가세 포함)",0
bd634e1e-943d-4b24-bc4c-d175a6cd1470,24,LIST_ITEM,4)  기타  지원사항,"4)  기타  지원사항
-  본 사업과 관련 지원 가능한 사항에 대한 내용을 기술한다.",1
bd900ed9-8f18-44ac-8a28-94a11f9d7427,66,TABLE,,"구 분: 감리 수행 (40)
평가 항목: 점검내용 (20)
평 가 요 소: ㆍ감리대상사업의 특성 등을 감안하여 주요 위험요소와 예상 문제점을 적정하게 도출하였는지 여부
배 점: 10",0
beb814f2-9406-401a-9871-67932923720a,5,PICTURE,적용산업,"적용산업
Icon",0
bec77ade-0717-4efb-a2e6-d2083af8d64a,65,TABLE,,"구 분: 감리 인력 (50)
평가 항목: 감리 인력구성 (15)
평 가 요 소: ㆍ분야별 위험도 및 업무량 등을 감안하여 적정 수준의 감리 인력을 배치하였는지 여부
배 점: 10",0
beff9794-3fb9-45c6-9149-2c4e85ef6439,53,TABLE,,"Ⅰ. 사업안내: 1. 개요
Ⅰ. 사업안내: ······························································································································· 1",0
bf8d6234-b53a-4cac-9e72-ef9405c2fdaf,16,TABLE,,"지원 부문 (10): 소계
3: 100",0
c034a33f-f278-45a8-9ebd-54bb986392e3,25,TABLE,,"산출물종류: 감리계획서
제출시기: 단계 감리시작 7일 이전",1
c046ce09-dd8e-4b2e-952a-1a8e10d89591,63,TABLE,,"감리원: 번 호
감리원: 연도 사업명
column_2: 연도 사업명
column_3: 주관기관
담당분야: 공공/민간
column_5: 담당분야
column_6: 역할
column_7: 참여율",0
c14b966c-31e6-43ba-a144-6c4b029fbea1,33,TABLE,,"요구사항 고유번호: 요구사항 명칭
요구사항 고유번호: 요구사항 명칭
시스템구성-001: 시스템 구성",0
c167a262-3c49-406a-82cf-93a51e1c0bae,44,PICTURE,General Industry,"General Industry
Icon
Icon
Icon
-  Electronic
-   Industrial Manufacturing Facilities (Automobile, Shipbuilding)
-  Mining, Construction & Others
-  Food, Glass, Paper, etc.",0
c2e93f4c-4ae3-4b6c-b728-53977bbb54d4,21,TABLE,,"단계: 단계
수행활동: 예비조사
수행절차: 사전검토",0
c3068937-fea9-4c67-8b86-05c0fa00cec6,44,TABLE,,"요구사항 고유번호: 요구 사항 상세 설명
요구사항 고유번호: 정의
기능요구-006: 데이터 분석결과에 대한 지표관리 대시보드 개발",0
c36cbe2e-27c6-4b9e-ad1a-52212eb43d88,209,LIST_ITEM,■ 내·외부망 접근시 보안관리,"■ 내·외부망 접근시 보안관리
- m 용역사업 수행 시 주관기관의 전산망 이용이 필요한 경우
- 사업 참여인원에 대한 사용자 계정(ID)은 하나의 그룹으로 등록하고 계정별로 정보시스템 접근권한을 부여한다.
- 계정별로 부여된 접속권한은 불필요시 곧바로 권한을 해지하거나 계정을 폐기한다.
- 주관기관의 전산망을 사용하는 계약업체의 노트북 ߶ PC는 인터넷 연결을 금지한다. 다만, 부득이한 경우 발주부서의 보안성 검토 확행을 받아 한시적으로 허용한다.
- m 정보시스템의 개발·유지보수 시 원격작업은 금지한다. 다만, 업무상 필요한 경유 보안대책 마련 후 연구원 정보보안담당관의 승인을 받아 한시적으로 사용이 가능하고 장기간 작업시 연구원 내부작업으로 수행한다.",1
c391c1e1-4618-48ec-8c6f-459d32b378ac,171,TABLE,,"요구사항 고유번호: 요구 사항 상세 설명
요구사항 고유번호: 세부 내용
기능요구-005:  데이터 분석 결과에 대한 환류를 위하여 별도의 새로운 환경의 시 스템을 개발하지 않도록 함  데이터분석에 따른 결과를 기 구축된 IR정보시스템에 정형화된 보 고서나 연관분석을 할 수 있는 데이터웨어를 구성하여 대학의 구 성원(실무 담당자 및 지도 교수 등)들이 관리할 수 있도록 함  IR정보시스템에 지표현황 혹은 데이터 시각화로의 표현이 아닌 운 영 중인 기간계 시스템(차세대정보시스템 등)에 반영할 경우를 위 하여 분석 결과에 대한 데이터 전송 규약 정의",1
c3962bcd-591c-48a8-99ee-1af28bec0198,120,TEXT,일반 첨부 및 별표 양식,"일반 첨부 및 별표 양식
[첨부1] : 보안 각서
[첨부2] : 보안 서약서
[첨부3] : 외주용역사업 보안특약 조항
[별표1] : 사업자 보안위규 처리기준
[별표2] : 보안 위약금 부과 기준
[별표3] : 누출금지 대상 정보
[별표4] : 보안관리 세부 이행사항
[별표5] : 소프트웨어 보안약점 진단원의 자격기준",0
c44f61f4-569a-4969-9772-fcabfc694e33,67,TABLE,,"항목: DB 메타정보 관리시스템
시스템 / 솔루션: Meta#
내용: • 데이터 모델 및 도메인 / 용어사전관리 • 데이터 모델 ( 논리 / 물리 ) 메타정보 관리 • 데이터 표준화 관리 • 데이터 메타정보 및 물리 DB 현행화 준수 관리",1
c4795c4c-026f-4861-b8bf-49f79cac6efc,35,TABLE,,"요구사항 고유번호: 요구사항 분류
요구사항 고유번호: 요구사항 분류
기능요구-006: 데이터 시각화",0
c8780809-af6b-44b9-abe3-23e4cd4443f4,50,TABLE,,"Ⅰ. 사업안내: 1. 요구사항
Ⅰ. 사업안내: 총괄표··········································································································· 7",0
cac13a42-2e14-437d-b798-7acd10e8301a,207,TABLE,,"Ⅰ. 사업 개요· · · · · · · · · · · · · · · · · · · · · · · · · · · · · · · · · · · · · · · · · · · · · · · · · · · · · · · · ·: 1. 일반사항 ·· ··· ·· ··· ·· ··· ·· ··· ·· ·· ··· ·· ··· ·· ··· ·· ··· ·· ··
· · · · · · · · · · · · · · · · · · · · · · · · · · · · · · · · · · · · · · · · · · · · · · · · · · · · · · 1: ··· ·· ··· ·· ··· ·· ··· ·· ·· ··· ·· ··· ·· ··· ·· ··· ·· ·· ·· ··· 19",0
caf42fef-687c-439a-8019-a75ef56ca675,28,TABLE,,"Model: Power
Model: HP
SM7100 +: 3,038 ~ 5,361",0
cb794e9d-7e78-4eff-9479-7de00bb468e4,8,TABLE,,업무 일련번호: 2,0
cc695e9c-19e9-4e4b-ab92-551baac77968,43,TABLE,,"작 성 항 목: 가 . 데이터 분석모델 개발
작 성 방 법: 데이터 분석을 위한 방법론 , 가설 선정 , 데이터 수집 , 모델 개발 , 분석 기법 및 분석 모델 검증",0
cce277ef-faa7-4ad0-a947-da69e03be0e3,53,TABLE,,"년차: 1년차(2019년)
사업 내용: Ÿ IR 정보분석 플랫폼 구축 Ÿ 교육질관리을 위한 지표, 고등교육통계/정보공시, 대학평가지표 분석 환경 구축",0
ccf4b8ae-fa5b-447d-9670-5ed8f829ade1,67,TABLE,,"작 성 항 목: 3. 시스템 시험 및 운영방안
작 성 방 법: 대상업무별 단위시험 , 통합시험 등에 대한 전반적인 방안을 제시하여야 한다 . 개발완료후의 시스템의 이용 및 관리운용 에 관한 전반적인 방안을 제시하여야 한다 .",0
cd27c5ba-cca6-4e2e-91f1-2d00f6e6bdfd,96,TABLE,,"감리대상 사업비 보정금액: 최소 감리기간
10억 미만: 5일
10억 이상 20억 미만: 6일
20억 이상 30억 미만: 7일
30억 이상 50억 미만: 8일
50억 이상 100억 미만: 9일
100억 이상: 10일",0
cd67b803-e681-47b3-84aa-a580b91b6051,105,LIST_ITEM,4. 과업 수행 유의사항,"4. 과업 수행 유의사항
- 가. 감리법인은 신의성실의 원칙하에 감리대상사업 및 감리사업이 정상적으로 완료될 수 있도록 적극 노력하여야 함
- 나. 본 제안요청서에서 정하지 않거나 해석이 모호한 사안에 대하여는 전자정부법 및 동법 시행령, 행정안전부에서 고시한 최신의 감리기준 및 감리발주 관리 가이드를 따름",0
cdaae949-c45c-474d-94dd-6fc5e295b077,131,TABLE,,"Ⅰ. 사업 개요· · · · · · · · · · · · · · · · · · · · · · · · · · · · · · · · · · · · · · · · · · · · · · · · · · · · · · · · ·: [ 붙임 자료 ]
· · · · · · · · · · · · · · · · · · · · · · · · · · · · · · · · · · · · · · · · · · · · · · · · · · · · · · 1: [ 붙임 자료 ]",0
cdd0dc4b-69be-4b4c-b8dd-5007c258bb03,162,TABLE,,"구 분: 경 미 (D급)
위 규 사 항: 1. 업무 관련서류 관리 소홀 가. 진행중인 업무자료를 책상 등에 방치, 퇴근 나. 복사기ㆍ인쇄기 위에 서류 방치 2. 근무자 근무상태 불량 가. 각종 보안장비 운용 미숙 나. 경보ㆍ보안장치 작동 불량 3. 전산정보 보호대책 부실 가. PC내 보안성이 검증되지 않은 프로그램 사용 나. 보안관련 소프트웨어의 주기적 점검 위반
처 리 기 준: ◦ 위규자 서면ㆍ구 두경고 등 문책 ◦- 위규자 사유서 / 경위서 징구",0
ce39953e-f39e-4cf1-9639-5ad136128477,31,TABLE,,"작 성 항 목: 나 . 환류 시스템 개발
작 성 방 법: 데이터 분석 결과 IR 정보시스템 지표 및 대시보드 개발",0
ce8dc37e-1f0d-4a5f-80ff-d684c3a1c4d6,101,TEXT,Integrally Geared Type,"Integrally Geared Type
한화파워 의 터보압축기(Integrally Geared Type)는 독자적인 기술로 탁월한 성능과 효율을 약속 드립니다. 엄격한 환경 규제 준수는 물론, 최고의 생산 컨디션을 유지하기 위한 ""100% Oil-Free""의 청정 건조 공기를 공급합니다. 다양한 산업 분야에서 최고의 맞춤형 솔루션으로 안전성과 신뢰성을 인정받는 이유입니다.",0
ceebfc9b-cfbf-4e68-a3e4-e52f0eecf007,9,TABLE,,일반현황 및 연혁: 계,0
cf7ed159-5a88-433d-ad45-8eb85aee2552,201,TABLE,,"일반현황 및 연혁: 감리원 및
일반현황 및 연혁: 기술 인력 보유 현황 (단위 : 명)
일반현황 및 연혁: 기술 인력 보유 현황 (단위 : 명)
일반현황 및 연혁: 기술 인력 보유 현황 (단위 : 명)
일반현황 및 연혁: 기술 인력 보유 현황 (단위 : 명)
일반현황 및 연혁: 기술 인력 보유 현황 (단위 : 명)
일반현황 및 연혁: 기술 인력 보유 현황 (단위 : 명)
일반현황 및 연혁: 기술 인력 보유 현황 (단위 : 명)
일반현황 및 연혁: 기술 인력 보유 현황 (단위 : 명)
일반현황 및 연혁: 기술 인력 보유 현황 (단위 : 명)",0
cfbb25c7-bb31-414a-8f78-2f0b36e520b3,249,TABLE,감리 세부일정,"감리 세부일정
 상주감리, 투입 감리원수 = . 상주감리, 공수 (M/D) = . 상주감리, 세부일정 = . 총 감리투입공수, 수행활동 = 총 감리투입공수. 총 감리투입공수, 수행절차 = 총 감리투입공수. 총 감리투입공수, 소요일수 = 총 (M/D). 총 감리투입공수, 투입 감리원수 = 총 (M/D). 총 감리투입공수, 공수 (M/D) = 총 (M/D). 총 감리투입공수, 세부일정 = 
1. 수행활동과 수행절차, 소요일수, 세부일정 및 소요일수는 공고내용을 참조하여 제안업체에서 자체적으로 계획을 수립하여 작성
2. 소요일수 및 공수는 해당 수행활동의 소요일수와 현장 투입인원수를 근거로 작성
3. 사전문서 검토는 감리 투입공수로 인정하지 않음.",0
d09cb167-e0ec-491c-ab61-6af1253abeb8,66,TABLE,,"구 분: 감리 수행 (40)
평가 항목: 감리일정 및 절차 (10)
평 가 요 소: ㆍ감리대상사업 단계별 감리일정 및 세부 감리절차를 적정하게 제시하였는지 여부
배 점: 5",0
d0b9b2d4-7962-4c85-a7ba-c819e080d3b8,135,TABLE,,"Model: Dimension (L x W x H)
Model: mm
SM3100 Pro: 5,250 x 2,250 x 2,500
SM4100 Pro: 5,500 x 2,250 x 2,500
SM5100 Pro: 6,250 x 2,250 x 2,550
SM6100 Pro: 7,100 x 2,250 x 2,550
SM7100 Pro: -",0
d0fe6a69-358a-4748-a51e-7eabe7e6c708,107,TABLE,,"작 성 항 목: 5. 투입인력 및 이력사항
작 성 방 법: 본 사업을 수행할 인력을 작업단위별로 제시하고 , 투입인력에 대한 이력사항을 붙임양식을 이용하여 작성하여야 한다 . ※ 유의사항 - 사업자 선정 이후 주관기관의 요구 등 특별한 사유가 없는 한 투입인력을 교체변경할 수 없음 - 투입 상주인력에 대한 제안은 평가요소에 반영 .",0
d294344d-6442-4c0a-ab47-2691bbca1616,76,TABLE,,"제안서 목차: 3. 투입인력 총괄표
작 성 내 용: ㅇ투입인력 총괄, 감리원 편성내역 및 근거제시 ㅇ감리인별 참여율, 투입분야 및 상근감리원의 비율 표기
비고: <서식4> <서식5>",0
d4778f3b-8a9c-4428-97b5-05c9bfd860d1,30,TABLE,,"요구사항 고유번호: 요구 사항 상세 설명
요구사항 고유번호: 정의
시스템구성-001: 시스템 구성",0
d56ca5c3-73f9-4550-8679-d51802b33640,152,PICTURE,Features,"Features
Icon
- 에너지 효율성 향상을 통한 CO2 배출량 감소에 기여하는 환경 친화적 솔루션 제공
Icon
Icon
Icon
Icon
공력 부품 최적화로 효율 개선 및 유량 범위 확대
- 기존 자사 제품 대비 최대 5% 효율 개선
고객의 운영조건 및 환경에 맞춰 다양한 옵션과 솔루션 제공 가능
- 이차전지향 Cu-Zn Free 솔루션 제공
- Outdoor 환경 운영 가능
- Combo 압축기 제작
- 고객 요구 토출 온도 조건에 맞춰 설계 가능
- 국가별 인증품 제작 가능 (KGS/PED/TRCU/UKRSEPRO/CRN/CSA 등)",0
d6207bb3-7a78-4a2c-bedf-6dc067d1f8c9,174,LIST_ITEM,3)  기술이전 계획,"3)  기술이전 계획
-  원활한  시스템  운영을  위해  유지보수  요원에  대한  기술이전  계획을 분야 별로 상세하게 제시하여야 한다. 단, 산출물로 제시할 수 없는 원천기술부 문이 있는 경우 이를 제안서 상에 명시하여야 한다.
-  사업자는 프로젝트 수행과정과 관련된 필요한 기술이전 대상에 대한 목록 과 시스템 운영요원의 안정적인 운영을 위한 기술 이전방안 등에 대한 계 획을 제시한다.
-  시스템  개발  및  관련분야의  정보기술에  대한 지속적인 정보제공 및 기술자 문을 수행한다.
- 향후 시스템 확장 및 기능 향상을 위한 상세 기술 지원 계획을 제시한다.",1
d754851f-6eff-43ad-b6d4-d2f91cc08298,138,TABLE,,"Ⅰ. 사업 개요· · · · · · · · · · · · · · · · · · · · · · · · · · · · · · · · · · · · · · · · · · · · · · · · · · · · · · · · ·: 4. 감리대상 사업 개요
· · · · · · · · · · · · · · · · · · · · · · · · · · · · · · · · · · · · · · · · · · · · · · · · · · · · · · 1: ............................................................................................1",0
d83fcc3d-5190-4c17-8c0a-af22bd517795,6,TABLE,,감리원: 2,0
d8f2d88e-327b-454b-8eea-2c8d54ba6b92,36,TABLE,,"작 성 항 목: 3. 주요사업내용
작 성 방 법: 제안사의 주요 사업내용을 분야별로 구분하여 제시하여야 한다 .",0
d9bc07b9-0096-45fe-aea9-5349654512cb,25,PICTURE,1)  시스템  흐름도,"1)  시스템  흐름도
In this image there is a table with some text and images.

Flow chart",0
d9d78555-5b86-4809-9c7d-8db1b5463639,57,TABLE,,"항목: 데이터 추출 (ETL)
시스템 / 솔루션: BTL Data Intergrator
내용: • 수집할 데이터 저장소로부터 스케쥴링에 의해 데이터 추출 및 IR 정보시스템 DW 에 저장 및 ETL 작업에 대한 이력 관리",1
daa6ea29-27dd-4bc8-8e49-f6429e7a1d8e,32,LIST_ITEM,1)  품질보증 방안,"1)  품질보증 방안
-  품질보증을 위한 조직, 방법, 절차, 내용 등을 제시하여야 한다.",1
dafc3b01-0b55-47dd-a884-fe3717d78352,85,LIST_ITEM,2)  위험 관리방안,"2)  위험 관리방안
-  일정지연, 품질저하 등 Risk 발생을 사전 예방하고 발생 시 사후 대처방안 을 제시하여야 한다.
-  사업의  추진과정에서 요구되는 진척/위험/변경사항의 관리방안 및 지속적 으로 문제를 파악 관리할 수 있는 방안을 제시하여야 한다.",1
db5b5896-636b-4b88-baff-7c9af3853647,334,TEXT,보 안 확 약 서,"보 안 확 약 서
본인은  귀  기관과  계약한  '차세대정보시스템  ERP  재구축  감리  용역'사업의  수행을 완료함에 있어, 다음 각 호의 보안사항에 대한 준수 책임이 있음을 인식하고 서약하 며 이에 따른 보안확약서를 제출합니다.
1.  본  업체(단체)는  업체(단체)  및  사업  참여자가 사업수행 중 직·간접적으로 지득한 정보에 대한 유출을 절대 금지하고, 지득한 모득 자료를 보유하지 않고 반납 및 파기하겠으며, 어떠한 형태의 사본도 보유하지 않겠습니다.
2.  본  업체(단체)는  하도급업체에  대해  상기  항과  동일한  보안사항  준수  책임을 확인하고 보안확약서를 징구하며, 하도급업체가 위의 보안사항을 위반할 경우에 주사업자로서 이에 따른 법적 책임을 지겠습니다.
3.  본  업체(단체)는  상기  보안사항을 성실히 준수할 것이며, 만약 이를 위반할 경우 에 귀 기관의 사업에 참여 제한 또는 기타 관련 법규에 따른 책임과 손해배상을 감수하겠습니다.
년            월            일
서약업체(단체) 대표
회      사      명  :
성                명  :                                              (서명)",0
db9deaad-41f2-47d4-88c3-045e7b60b3d3,13,TABLE,,제안서 목차: Ⅱ. 제안개요,0
dc1ffaa3-6833-445b-af42-876ea1005f51,91,TABLE,,"Model: Discharge Pressure
Model: bar A
SM3100 Pro: 3.0 ~ 13
SM4100 Pro: 3.0 ~ 13
SM5100 Pro: 3.0 ~ 13
SM6100 Pro: 3.0 ~ 13
SM7100 Pro: 3.5 ~ 11.4",0
dcb76bdc-ce32-4f3c-82c5-16506ebd5927,32,TEXT,2. 제안서 세부 평가 기준,"2. 제안서 세부 평가 기준
가. 기술평가표 및 부문별(평가항목) 배점은 다음과 같음",0
de005e9d-daff-45c3-ab2c-9e7f330266b1,27,TABLE,,"Model: Discharge Pressure
Model: bar A
SM7100 +: 5.0 ~ 11.5",0
df5e0bcc-6816-485a-a351-07e86b833841,313,TABLE,,"Ⅰ. 사업 개요· · · · · · · · · · · · · · · · · · · · · · · · · · · · · · · · · · · · · · · · · · · · · · · · · · · · · · · · ·: · · · · · · · · · · · · · · · · · · · · · · · · · · · · · · · · · · · · · · · · · · · · · · · · · · · · · · · · · · · · · · · · · · · · · · · · · · · · · · · · · · · · · · · · · · · · · · · ·
· · · · · · · · · · · · · · · · · · · · · · · · · · · · · · · · · · · · · · · · · · · · · · · · · · · · · · 1: · · · · · · · · · · · · · · · · · · · · · · · · · · · · · · · · · · · · · · · · · · · · · · · · · · · · · · · · · · · · · · · · · · · · · · · · · · · · · · · · · · · · · · · · · · · · · · · ·",0
e05649fa-b096-4743-b55c-74e44ce05477,52,TABLE,,"작 성 항 목: 1. 일반현황
작 성 방 법: 제안사의 일반현황 및 주요 연혁 , 최근 3 년간의 자본금 및 부문별 매출액을 명료하게 제시하여야 한다 .",0
e1396711-7fdf-4c94-8574-4e998ac58e0c,16,TABLE,,"수행활동: 감리시행
수행절차: 종료회의",0
e4b51617-b589-49c2-9118-ddabff6fa98a,21,TABLE,,"추진내용: 3차 시스템구축 사업 준비
추진 일정: ●●●",0
e527a4aa-5489-4925-9754-01ef6c2f8637,47,TABLE,,"추진 일정: 3 월
추진 일정: 4 월
추진 일정: 5 월
추진 일정: 6 월
추진 일정: 7 월
추진 일정: 8 월",0
e60fdebe-544d-424b-80d0-0c0a423e9e3a,169,PICTURE,Features,"Features
Icon
Icon
Icon
Icon
- 높은 안정성 및 운영 신뢰성 기반의 산업용 공기 압축기의 표준
- API672 Code 설계 기반의 고품질 공기 압축 시스템
고객 맞춤형 장비 제작 가능
- 14 bar A 이상의 고압 압축기 제작 가능
- 질소 압축기 제작 가능 (Carbon Seal Type 적용)
- Combo 압축기 제작
- Booster 압축기 제작 가능
- 국가별 인증품 제작 가능 (KGS/PED/TRCU/UKRSEPRO/CRN/CSA 등)
- 높은 호환성 / 신속한 서비스 대응 가능
- 전 모델 소모성부품 호환으로 최단 납기 대응 가능 (Trouble Shooting 기간 최소화)",0
e6557064-a471-4e8e-a080-cc64d79a443c,136,TABLE,,"일반현황 및 연혁: 등급
일반현황 및 연혁: 계 전 문 분 야
일반현황 및 연혁: 계 전 문 분 야
일반현황 및 연혁: 계 전 문 분 야
일반현황 및 연혁: 계 전 문 분 야
일반현황 및 연혁: 계 전 문 분 야
일반현황 및 연혁: 계 전 문 분 야
일반현황 및 연혁: 계 전 문 분 야
일반현황 및 연혁: 계 전 문 분 야
일반현황 및 연혁: 계 전 문 분 야",0
e6dec63b-4151-4071-af02-0ae761315f33,12,TABLE,,점검 항목 주1): 위험관리의 적절성,0
e77a9335-4f02-428d-8998-164ce140c3d0,42,TABLE,,"Model: Discharge Pressure
Model: Psi A
Model: Psi A
SA2100: 50-165
SA3100: 50-160",0
e77cc1fc-ae0c-4411-8028-4e67ccc9a7c5,33,TABLE,,"요구사항 고유번호: 요구사항 분류
요구사항 고유번호: 요구사항 분류
사업관리-003: 사업관리 요구사항",0
e7f80872-f6cb-455d-ad31-e732784d4bbd,465,TEXT,5. 감리기준 및 방법,"5. 감리기준 및 방법
가. 감리기준 : 행정안전부 고시 정보시스템 감리기준, 정보시스템 감리 발주ㆍ관리 가이드 적용
- 나. 감리범위 : 차세대 정보시스템 ERP 재구축 사업 전반
- 감리대상 사업에 대한 용역수행사의 제안요청서, 제안서 및 계약서 상
- 수행해야 할 과업에 대한 효과적 수행여부
- 단계별 감리보고서 제출 및 감리 지적사항에 대한 조치결과 확인 등 다. (감리기간) 계약체결일로부터 감리대상 사업 완료 시까지
- ※ 상기 일정은 사업 추진상황에 따라 수요기관과 협의하여 조정될 수 있음
- 라. 감리방법 : 3단계 감리(요구정의, 설계, 종료 단계감리)
차세대 정보시스템 ERP재구축, 주관기관. = 한국자동차 연구원. 차세대 정보시스템 ERP재구축, 사업자. = (주)아이 티메이트. 차세대 정보시스템 ERP재구축, 단계감리 실시여부 (실시 : o, 미실시 : x).요구 정의 단계 = O. 차세대 정보시스템 ERP재구축, 단계감리 실시여부 (실시 : o, 미실시 : x).설계 단계 = O. 차세대 정보시스템 ERP재구축, 단계감리 실시여부 (실시 : o, 미실시 : x).종료 단계 = O. 차세대 정보시스템 ERP재구축, 상주 및 추가 감리실시 여부 (실시 : 0, 미실시: X). = X. 차세대 정보시스템 ERP재구축, 감리 예산 규모 (VAT 포함). = 250,000천원. 차세대 정보시스템 ERP재구축, 감리기준상의 투입공수 (MD). = 213MD. 차세대 정보시스템 ERP재구축, 최소 감리 (일).기간 = 7
※ 최소감리기간의 산정은 아래 표를 참고(각 단계별 최소감리 기간 실시)",1
e8caad26-630e-40bc-a1c4-bce8b37f95ab,42,TABLE,,"요구사항 고유번호: 요구사항 명칭
요구사항 고유번호: 요구사항 명칭
기능요구-004: 데이터 분석 기법을 통한 분석 모델 개발",0
e94d1cba-dd26-4172-aab5-6d4a48bcd290,75,TABLE,,"Model: HP
SM3000: 300 ~ 950
SM4000: 480 ~ 1,600
SM5000: 750 ~ 2,410
SM6000: 1,260 ~ 3,550",0
e9563d03-6471-4657-8079-f36d4a3980d2,13,TABLE,,제안서 목차: Ⅲ. 점검내용,0
e959914c-062d-423b-8e43-33dff831ffa2,125,TABLE,,"감리원: ● 유사 감리 실적 : 총 건
감리원: ● 유사 감리 실적 : 총 건
column_2: ● 유사 감리 실적 : 총 건
column_3: ● 유사 감리 실적 : 총 건
담당분야: ● 유사 감리 실적 : 총 건
column_5: ● 유사 감리 실적 : 총 건
column_6: ● 유사 감리 실적 : 총 건
column_7: ● 유사 감리 실적 : 총 건
column_8: ● 유사 감리 실적 : 총 건",0
ea35939a-5df1-41ba-a9c2-f608cf70a02c,20,TABLE,,"추진내용: 입찰공고 및 업체 선정
추진 일정: ●●●",0
ea5db0e0-d0e6-46aa-b1b8-84583319a638,201,TABLE,,"Ⅰ. 사업 개요· · · · · · · · · · · · · · · · · · · · · · · · · · · · · · · · · · · · · · · · · · · · · · · · · · · · · · · · ·: 4. 과업 수행 유의사항 ··· ·· ··· ·· ··· ··· ·· ··· ·· ··· ··· ·· ··· ··
· · · · · · · · · · · · · · · · · · · · · · · · · · · · · · · · · · · · · · · · · · · · · · · · · · · · · · 1: ··· ·· ··· ··· ·· ··· ·· ··· ·· ··· ··· ·· ··· ·· ··· ·· ··· ··· ·· ··· 11",0
ea81dc7c-7e7a-4cc0-a760-169cbd17524e,69,TABLE,,"Model: Discharge Pressure
Model: bar A
SM3000: 3.5 ~ 25
SM4000: 3.5 ~ 25
SM5000: 3.5 ~ 25
SM6000: 3.5 ~ 25",0
eb9ef352-75af-4dd0-818b-137884e54190,51,TABLE,,"Ⅰ. 사업안내: 4. 지원
Ⅰ. 사업안내: 부문······················································································································· 9",0
ec21785c-82b4-4d81-a95f-7af45ae24ebe,216,LIST_ITEM,■ 사무실 및 장비에 대한 보안관리,"■ 사무실 및 장비에 대한 보안관리
- m 용역사업 수행 장소는 시건장치와 통제가 가능한 사무실을 사용한다.
- m 반입된 노트북 ߶ PC는 사업 종료 시까지 반출을 금지하며, 다만 부득이하게 외부 반출이 필요한 경우에는 발주부서의'용역업체용 장비 반출입대장'에 기록하고 보안조치를 실시한 후 반출하여야 한다.
- m 참여인원의 노트북 ߶ PC에 최신백신 등의 자체 PC보안프로그램 및 연구원에서 제공하 는 자료유출방지 등을 위한 PC보안프로그램을 설치하여야 한다.
- m 계약업체는 노트북 및 PC에 전원기동(CMOS) 패스워드, 윈도우 로그인 패스워드, 화면 보호기 (10분 간격) 패스워드를 영문자 및 숫자가 조합된 9글자 이상으로 설정하여야 한다.",1
ec84a5eb-7a13-4d1f-8bd2-d424d0c4190d,218,TABLE,,"Ⅰ. 사업 개요· · · · · · · · · · · · · · · · · · · · · · · · · · · · · · · · · · · · · · · · · · · · · · · · · · · · · · · · ·: 3. 추진근거 ··· ·· ·· ··· ·· ··· ·· ··· ·· ·· ··· ·· ··· ·· ··· ·· ·· ··· ·· ··· ·· ··· ··
· · · · · · · · · · · · · · · · · · · · · · · · · · · · · · · · · · · · · · · · · · · · · · · · · · · · · · 1: ··· ·· ··· ·· ··· ·· ·· ··· ·· ··· ·· ··· ·· ·· ··· ·· ··· ·· ··· ·· ·· · 1",0
ecdf0f8e-83ab-43f4-98c5-ee7c3f0da9c3,252,LIST_ITEM,누출금지 대상 정보,"누출금지 대상 정보
1. 연구원 소유 정보시스템의 내 ߳ 외부 IP 주소 현황
2. 세부 정보시스템 구성현황 및 정보통신망 구성도
3. 사용자계정ㆍ비밀번호 등 정보시스템 접근권한 정보
4. 정보통신망 취약점 분석·평가 결과물
5. 용역사업 결과물 및 프로그램 소스코드
6. 국가용 보안시스템 및 정보보호시스템 도입 현황
7. 침입차단시스템ㆍ방지시스템(IPS) 등 정보보호제품 및 라우터ㆍ스위치 등 네트워크 장비 설정 정보
8. 8.「공공기관의 정보공개에 관한 법률」제9조제1항에 따라 비공개 대상 정보로 분류된 기관의 내부문서
9. 9.「개인정보보호법」제2조제1호의 개인정보
10. 10.「보안업무규정」제4조의 비밀 및 동 시행규칙 제7조제3항의 대외비
11. 그 밖에 연구원에서 공개가 불가하다고 판단한 자료",1
ed05382f-3e9a-43a3-87a0-7fc64d306bd1,38,TABLE,,"작 성 항 목: 1. 품질보증계획
작 성 방 법: 품질보증을 위한 조직 , 방법 , 절차 , 내용 등을 제시하여야 한다 .",0
ed1afd0b-ad1d-4029-8b9a-44d55fe95b8e,90,TABLE,,"교육종류: 보수교육
교육내용: ߳ 지침 ߳ 기준 등 제도 변경사항 ߳ 최신보안약점, 진단 ߳ 제거기술등 ߳ 소프트웨어 개발보안 지식의 지속적인 습득 및 기술능력 유지를 위한 교육
교육시기: 진단원 자격을 유지하고자 하는 경우
교육시간: 1년마다 8시간",1
eebb9065-cd8e-40b6-81b6-ecf6429b4b97,34,TABLE,,"요구사항 고유번호: 요구사항 분류
요구사항 고유번호: 요구사항 분류
기능요구-001: 기능 요구사항",0
ef68171e-eca3-4c4c-a531-6c90e86b32f4,179,TABLE,,"감리원: ● 대상사업과 관련된 감리 이외의 경력 : 총 년
감리원: ● 대상사업과 관련된 감리 이외의 경력 : 총 년
column_2: ● 대상사업과 관련된 감리 이외의 경력 : 총 년
column_3: ● 대상사업과 관련된 감리 이외의 경력 : 총 년
담당분야: ● 대상사업과 관련된 감리 이외의 경력 : 총 년
column_5: ● 대상사업과 관련된 감리 이외의 경력 : 총 년
column_6: ● 대상사업과 관련된 감리 이외의 경력 : 총 년
column_7: ● 대상사업과 관련된 감리 이외의 경력 : 총 년
column_8: ● 대상사업과 관련된 감리 이외의 경력 : 총 년",0
f075a647-52fd-467b-ba9b-639a0ecc53f3,26,TABLE,,"작 성 항 목: Ⅵ . 기타
작 성 방 법: 위 항목에서 제시되지 않은 기타 내용을 기술한다 .",0
f0906b49-b68f-4691-8ba8-f5acf618f577,269,LIST_ITEM,m 사업 종료 시,"m 사업 종료 시
- 계약업체는 연구원으로부터 제공받는 자료, 장비, 중간 ߶ 최종산출물 등 용역관련 자료 를 전량 연구원에 반납하여야 하고 복사본 등의 별도 보관을 금지한다.
- 계약업체 소유의 노트북·PC·휴대용 저장매체 등의 자료는 국가정보원이 인증한 데이터 영구삭제 제품을 이용하여 완전 삭제한다.
- 계약업체는 연구원에서 제공한 자료 일체(CD, USB, 파일, 출력물 등)에 대해서 '자 료 인계인수대장'을 작성하고 인계자와 인수자가 직접 서명한 후 인계인수해야 한 다.
- ※ 인수인계 자료는 사업종료 기간에 맞춰 반납하지 않고 해당 인수인계자료가 불필요할 경우 바로 반납 또는 담당자 입회하에 삭제/파쇄)
- 반납 및 삭제 증거자료는 연구원의'자료 인계인수대장'에 기록한다.
- 계약업체는'복사본 등 용역사업 관련 자료를 보유하고 있지 않는다' 라는 내용이 포함 된 '대표자명의 보안확약서'를 연구원에 제출하여야 한다.",1
f0e8843b-c46d-49f4-b54b-3d28bc9061b6,34,TABLE,,"Model: Capacity
Model: m 3 /hr
SM7100 +: 32,000 ~ 45,000",0
f1f9e7c9-aa4b-429f-bac1-315c34f5ad2a,32,TABLE,,"산출물종류: 최종 감리보고서
제출시기: 종료단계(최종) 감리 종료 후 15일 이내",1
f2fcdccf-0f6b-4f19-a9bb-46e9029deb52,151,LIST_ITEM,5. 감리기준 및 방법,"5. 감리기준 및 방법
- ※ 감리 수행기간, 시기 및 장소 등은 협의에 의해 조정될 수 있음
- ※ 투입공수에는 사전조사 및 감리결과 시정조치 확인 등을 제외한 단계감리 기준
- 사. 사업 내용에 따라 해당 분야 기술 전문가 1인 이상 투입 요망. 단, 정보시스템 감리기준 제5조(감리인력 배치)에 따라 기술 전문가는 감 리 인력에 포함
- 아. 본 감리 대상사업의 세부내용 확인을 위해 조달청 공고내역 참고 ※ 차세대 정보시스템 ERP 재구축 구축사업 조달청 공고내역 참고",1
f37abd16-6714-4743-8de2-00d4f7191a03,73,TABLE,,"구 분: 감리 인력 (50)
평가 항목: 총괄 감리원 (10)
평 가 요 소: ㆍ총괄감리원이 업무수행을 위해 필요한 기술자격, 유사 업무 ㆍ감리 수행경력 등 전문성을 갖추었는지 여부
배 점: 10",0
f3a47182-07f6-4a2b-9ae7-2508a6bc7aa2,206,TABLE,,"Ⅰ. 사업 개요· · · · · · · · · · · · · · · · · · · · · · · · · · · · · · · · · · · · · · · · · · · · · · · · · · · · · · · · ·: 1. 입찰 및 낙찰방식 ··· ·· ··· ·· ··· ·· ··· ··· ·· ··· ·· ··· ·· ··· ·· ···
· · · · · · · · · · · · · · · · · · · · · · · · · · · · · · · · · · · · · · · · · · · · · · · · · · · · · · 1: ·· ··· ··· ·· ··· ·· ··· ·· ··· ·· ··· ·· ··· ·· ··· ··· ·· ··· ·· ··· 16",0
f49b0e66-59b9-41d4-b804-a2cad3de43bd,27,TABLE,,"산출물종류: 사업수행계획서
제출시기: 계약체결 후 10일이내",1
f4c7eb18-43ba-4e90-b006-24fbb6aa2dd1,33,TEXT,2022 년   월    일,"2022 년   월    일
서약자  기관명 :
주  소 :
대표자 :
( 인 ) 또는 서명",0
f5b77bbf-7177-4834-8116-431ce29b8c8f,23,TABLE,,"요구사항 고유번호: 요구사항 분류
기능요구-003: 데이터 수집",0
f5f4d0bc-4d48-4625-82b7-2ad5ddc10639,189,TEXT,Hanwha Power,"Hanwha Power
본    사
Korea
13488 경기도 성남시 분당구 판교로 319번길 6
Tel +82.70.7147.8000
USA
1440 W. Indiantown Rd. Jupiter, FL 33458 Tel +1 561.354.1100
사업장
창원 1
51542 경상남도 창원시 성산구 창원대로 1204
Tel +82.55.260.2100
창원 2
51561 경상남도 창원시 성산구 공단로 69
부산 3
46742 부산광역시 강서구 과학산단2로 31",0
f654f738-3395-4384-b73a-d9aa92f61975,210,TABLE,,"Ⅰ. 사업 개요· · · · · · · · · · · · · · · · · · · · · · · · · · · · · · · · · · · · · · · · · · · · · · · · · · · · · · · · ·: 1. 감리사업 개요 ··· ·· ··· ·· ··· ·· ··· ·· ··· ·· ·· ··· ·· ··· ·· ··· ·· ···
· · · · · · · · · · · · · · · · · · · · · · · · · · · · · · · · · · · · · · · · · · · · · · · · · · · · · · 1: ··· ·· ··· ·· ··· ·· ··· ·· ··· ·· ··· ·· ··· ·· ·· ··· ·· ··· ·· ··· ·· · 1",0
f6a3e43b-e711-4ef9-b123-bbec1473833c,101,TABLE,,"감리 단계: 감리 단계
감리분야: 감리분야
소속 및 상근여부: 소속 및 상근여부
감리원명: 감리원명
감리원 번호: 감리원 번호
구분: 구분
현장감리 투입율: 현장감리 투입율
유사 감리 및 경력, 자격 요약: 유사 감리 및 경력, 자격 요약",0
f6a46c63-1815-4344-a405-c8c828a6ebf5,73,TABLE,,"단계: 총 감리투입공수
수행활동: 총 감리투입공수
수행절차: 총 감리투입공수
소요일수: 총 (M/D)
투입 감리원수: 총 (M/D)
공수 (M/D): 총 (M/D)",0
f6bbfa28-f522-4e18-a3e5-fff6346307f4,104,TABLE,,"요구사항: 요구 사항 상세 설명
고유번호: 세부 내용
시스템구성-002:  데이터 분석 처리에 대한 시스템 관리자의 사용자 인터페이스 환 경이 스크립트 및 명령어 기반을 최소화하고 일련의 과정을 자동 화하거나 필요시 GUI 환경을 제공하여 직관적이고 운영의 효율성 을 높일 있도록 구성함  향후 새로운 분석에 대하여 확장 운영할 수 있는 유연성 있는 시 스템 구축",1
f834840c-4c3f-4d1f-a539-8c3d10cc54a7,59,TABLE,,"요구사항 고유번호: 세부 내용
사업관리-005:  테스트 단계별로 수행방법, 절차, 참여 조직 및 역할, 점검사항, 최 종 검수 기준, 점검 후 조치 방안 등을 세부적으로 기술",1
f8f7840e-ae8a-4ce5-89e2-e9efac6d4540,122,TABLE,,"Model: Dimension (L x W x H)
Model: mm
SM3000: 3,150 x 1,980 x 2,100
SM4000: 3,780 x 2,080 x 2,130
SM5000: 3,960 x 2,100 x 2,350
SM6000: 4,480 x 2,220 x 2,520",0
f936bf51-5dd2-4f21-b98a-9e377ac2aa32,218,TABLE,,"Ⅰ. 사업 개요· · · · · · · · · · · · · · · · · · · · · · · · · · · · · · · · · · · · · · · · · · · · · · · · · · · · · · · · ·: 4. 유의사항 ··· ·· ··· ·· ·· ··· ·· ··· ·· ··· ·· ··· ·· ·· ··· ·· ··· ·· ··· ·· ··· ·· ··
· · · · · · · · · · · · · · · · · · · · · · · · · · · · · · · · · · · · · · · · · · · · · · · · · · · · · · 1: ··· ·· ··· ·· ··· ·· ··· ·· ·· ··· ·· ··· ·· ··· ·· ··· ·· ·· ··· ·· ··· 24",0
fa666efb-c1ab-41e2-8f38-1b4ffdb0985e,38,TABLE,,"작 성 항 목: 3. 추진일정계획
작 성 방 법: 사업 추진예정 일정을 참조하여 추진일정을 상세히 제시하 여야 한다 .",0
fc1ecaa8-4eda-4f03-bc42-3e01732be7ea,57,TABLE,,"제안서 목차: 3. 기타사항
작 성 내 용: 유지, 의사소통 등 감리의 정확성과 품질 보증을 위한 방안 제시 ㅇ감리 종료 후 대상사업의 성공적 완료를 위한 사후관리 및 지원방안 제시",0
fc257399-f24b-4ae4-bbdc-1d421cb55fab,22,TABLE,,"요구사항 고유번호: 요구사항 분류
사업관리-001: 사업관리 요구사항",0
fd909c54-3a1b-4d79-9b27-7c5b4015e29d,36,TABLE,,"작 성 항 목: 2. 위험관리계획
작 성 방 법: 위험관리를 위한 조직 , 방법 , 절차 , 내용 등을 제시하여야 한다 .",0
fdf052c6-b3f7-49d4-bde2-ec67d3718956,27,TABLE,,"요구사항 고유번호: 요구사항
column_1: 분류
사업관리-006: 사업관리 요구사항",0
fe2c6777-d50a-4bd5-9013-c36bef8e1733,28,TABLE,,"추진내용: 요구분석 및 분석 주제 선정
추진 일정: ●●
추진 일정: ●●●●",0
fe77f094-04de-4d4d-a7ea-c3442d296ef4,274,TEXT,"Khobar, KSA","Khobar, KSA
Unit 4, 12TH Floor, AI fardan Tower, Khobar 31952, KSA Tel 	 +966.1.3812.3155
- Europe
Milan, Italy
Via de Vizzi 93/95, Cinisello Balsamo 20092, Milan, Italy Tel 	+39.02.8410.2193
Website : www.hanwhapower.com
E-mail : hanwhapower@hanwha.com
한화파워 터보압축기 인증현황
- ISO 9001
- ISO 14001
- ISO 45001
- CE ( DOC )
- PED
- UL
해당 자료에 언급된 정보는 예고없이 변경될 수 있습니다.
This is a map of the world. I can see the countries and their names. I can see the text at the top of the image.

Geographical map
Logo
2026. April © 2026 Hanwha Power Co., Ltd. All rights reserved.
In this image we can see a machine.

Engineering drawing
Logo",0
feec3777-942e-4c2a-880e-f8fb37792f8c,194,TABLE,,"Ⅰ. 사업 개요· · · · · · · · · · · · · · · · · · · · · · · · · · · · · · · · · · · · · · · · · · · · · · · · · · · · · · · · ·: 2. 제안서 세부 평가 기준 ··· ·· ··· ··· ·· ··· ··· ·· ··· ·· ···
· · · · · · · · · · · · · · · · · · · · · · · · · · · · · · · · · · · · · · · · · · · · · · · · · · · · · · 1: ·· ··· ··· ·· ··· ··· ·· ··· ·· ··· ··· ·· ··· ··· ·· ··· ·· ··· ··· 17",0
ffb1dac4-d8b1-4df1-b252-9d09fc035794,67,TABLE,,"항목: 운영 서버
시스템 / 솔루션: 텍스트 형태소분석 서버
내용: • Intel Xeon 2.2GHz 10Core X 2ea, 128GB RAM • HDD 600 GB X 2ea, Cent OS Linux, Maria DB • Hadoop",1
